"","Timestamp","Value","rain_station"
"1","23/03/2024 09:00:00",0,"Comiston_"
"2","24/03/2024 09:00:00",0,"Comiston_"
"3","25/03/2024 09:00:00",19.8,"Comiston_"
"4","26/03/2024 09:00:00",10,"Comiston_"
"5","27/03/2024 09:00:00",13.8,"Comiston_"
"6","28/03/2024 09:00:00",13.6,"Comiston_"
"7","29/03/2024 09:00:00",1.2,"Comiston_"
"8","30/03/2024 09:00:00",0.4,"Comiston_"
"9","31/03/2024 09:00:00",0,"Comiston_"
"10","01/04/2024 09:00:00",16.6,"Comiston_"
"11","02/04/2024 09:00:00",5.2,"Comiston_"
"12","03/04/2024 09:00:00",22.6,"Comiston_"
"13","04/04/2024 09:00:00",21.4,"Comiston_"
"14","05/04/2024 09:00:00",8.4,"Comiston_"
"15","06/04/2024 09:00:00",2.2,"Comiston_"
"16","07/04/2024 09:00:00",0,"Comiston_"
"17","08/04/2024 09:00:00",15.6,"Comiston_"
"18","09/04/2024 09:00:00",2.4,"Comiston_"
"19","10/04/2024 09:00:00",2.6,"Comiston_"
"20","11/04/2024 09:00:00",2.2,"Comiston_"
"21","12/04/2024 09:00:00",3.4,"Comiston_"
"22","13/04/2024 09:00:00",4,"Comiston_"
"23","14/04/2024 09:00:00",4.6,"Comiston_"
"24","15/04/2024 09:00:00",0,"Comiston_"
"25","16/04/2024 09:00:00",1,"Comiston_"
"26","17/04/2024 09:00:00",0,"Comiston_"
"27","18/04/2024 09:00:00",1.6,"Comiston_"
"28","19/04/2024 09:00:00",0,"Comiston_"
"29","20/04/2024 09:00:00",0,"Comiston_"
"30","21/04/2024 09:00:00",0.6,"Comiston_"
"31","22/04/2024 09:00:00",0,"Comiston_"
"32","23/04/2024 09:00:00",0,"Comiston_"
"33","24/04/2024 09:00:00",0,"Comiston_"
"34","25/04/2024 09:00:00",0,"Comiston_"
"35","26/04/2024 09:00:00",0,"Comiston_"
"36","27/04/2024 09:00:00",1.4,"Comiston_"
"37","28/04/2024 09:00:00",0.2,"Comiston_"
"38","29/04/2024 09:00:00",0.4,"Comiston_"
"39","30/04/2024 09:00:00",0,"Comiston_"
"40","01/05/2024 09:00:00",0,"Comiston_"
"41","02/05/2024 09:00:00",0,"Comiston_"
"42","03/05/2024 09:00:00",3,"Comiston_"
"43","04/05/2024 09:00:00",1.2,"Comiston_"
"44","05/05/2024 09:00:00",10.2,"Comiston_"
"45","06/05/2024 09:00:00",8.8,"Comiston_"
"46","07/05/2024 09:00:00",0,"Comiston_"
"47","08/05/2024 09:00:00",0.2,"Comiston_"
"48","09/05/2024 09:00:00",0,"Comiston_"
"49","10/05/2024 09:00:00",0,"Comiston_"
"50","11/05/2024 09:00:00",0,"Comiston_"
"51","12/05/2024 09:00:00",5,"Comiston_"
"52","13/05/2024 09:00:00",0.2,"Comiston_"
"53","14/05/2024 09:00:00",1,"Comiston_"
"54","15/05/2024 09:00:00",0.2,"Comiston_"
"55","16/05/2024 09:00:00",0,"Comiston_"
"56","17/05/2024 09:00:00",0,"Comiston_"
"57","18/05/2024 09:00:00",0,"Comiston_"
"58","19/05/2024 09:00:00",0,"Comiston_"
"59","20/05/2024 09:00:00",0,"Comiston_"
"60","21/05/2024 09:00:00",1.6,"Comiston_"
"61","22/05/2024 09:00:00",56.6,"Comiston_"
"62","23/05/2024 09:00:00",70.6,"Comiston_"
"63","24/05/2024 09:00:00",4.2,"Comiston_"
"64","25/05/2024 09:00:00",12.2,"Comiston_"
"65","26/05/2024 09:00:00",7.2,"Comiston_"
"66","27/05/2024 09:00:00",9.2,"Comiston_"
"67","28/05/2024 09:00:00",9.6,"Comiston_"
"68","29/05/2024 09:00:00",23.2,"Comiston_"
"69","30/05/2024 09:00:00",0,"Comiston_"
"70","31/05/2024 09:00:00",0,"Comiston_"
"71","01/06/2024 09:00:00",0,"Comiston_"
"72","02/06/2024 09:00:00",0.2,"Comiston_"
"73","03/06/2024 09:00:00",0.8,"Comiston_"
"74","04/06/2024 09:00:00",0.2,"Comiston_"
"75","05/06/2024 09:00:00",1,"Comiston_"
"76","06/06/2024 09:00:00",0.4,"Comiston_"
"77","07/06/2024 09:00:00",0.2,"Comiston_"
"78","08/06/2024 09:00:00",0,"Comiston_"
"79","09/06/2024 09:00:00",0.2,"Comiston_"
"80","10/06/2024 09:00:00",0.2,"Comiston_"
"81","11/06/2024 09:00:00",0,"Comiston_"
"82","12/06/2024 09:00:00",0,"Comiston_"
"83","13/06/2024 09:00:00",5.6,"Comiston_"
"84","14/06/2024 09:00:00",6.2,"Comiston_"
"85","15/06/2024 09:00:00",0.2,"Comiston_"
"86","16/06/2024 09:00:00",2.6,"Comiston_"
"87","17/06/2024 09:00:00",0.8,"Comiston_"
"88","18/06/2024 09:00:00",1.4,"Comiston_"
"89","19/06/2024 09:00:00",0.2,"Comiston_"
"90","20/06/2024 09:00:00",0,"Comiston_"
"91","21/06/2024 09:00:00",0.6,"Comiston_"
"92","22/06/2024 09:00:00",0,"Comiston_"
"93","23/06/2024 09:00:00",0,"Comiston_"
"94","24/06/2024 09:00:00",0,"Comiston_"
"95","25/06/2024 09:00:00",4.4,"Comiston_"
"96","26/06/2024 09:00:00",0,"Comiston_"
"97","27/06/2024 09:00:00",0,"Comiston_"
"98","28/06/2024 09:00:00",2.6,"Comiston_"
"99","29/06/2024 09:00:00",0,"Comiston_"
"100","30/06/2024 09:00:00",0.2,"Comiston_"
"101","01/07/2024 09:00:00",0.6,"Comiston_"
"102","02/07/2024 09:00:00",1.6,"Comiston_"
"103","03/07/2024 09:00:00",0.8,"Comiston_"
"104","04/07/2024 09:00:00",1.8,"Comiston_"
"105","05/07/2024 09:00:00",0,"Comiston_"
"106","06/07/2024 09:00:00",2.8,"Comiston_"
"107","07/07/2024 09:00:00",0.6,"Comiston_"
"108","08/07/2024 09:00:00",0,"Comiston_"
"109","09/07/2024 09:00:00",16.6,"Comiston_"
"110","10/07/2024 09:00:00",1.6,"Comiston_"
"111","11/07/2024 09:00:00",0,"Comiston_"
"112","12/07/2024 09:00:00",0.6,"Comiston_"
"113","13/07/2024 09:00:00",5,"Comiston_"
"114","14/07/2024 09:00:00",0,"Comiston_"
"115","15/07/2024 09:00:00",11.8,"Comiston_"
"116","16/07/2024 09:00:00",0.2,"Comiston_"
"117","17/07/2024 09:00:00",0.8,"Comiston_"
"118","18/07/2024 09:00:00",0,"Comiston_"
"119","19/07/2024 09:00:00",0,"Comiston_"
"120","20/07/2024 09:00:00",7.4,"Comiston_"
"121","21/07/2024 09:00:00",0.8,"Comiston_"
"122","22/07/2024 09:00:00",1.4,"Comiston_"
"123","23/07/2024 09:00:00",0,"Comiston_"
"124","24/07/2024 09:00:00",0.2,"Comiston_"
"125","25/07/2024 09:00:00",4.6,"Comiston_"
"126","26/07/2024 09:00:00",0.2,"Comiston_"
"127","27/07/2024 09:00:00",0,"Comiston_"
"128","28/07/2024 09:00:00",0,"Comiston_"
"129","29/07/2024 09:00:00",0,"Comiston_"
"130","30/07/2024 09:00:00",0,"Comiston_"
"131","31/07/2024 09:00:00",0.4,"Comiston_"
"132","01/08/2024 09:00:00",0,"Comiston_"
"133","02/08/2024 09:00:00",0.2,"Comiston_"
"134","03/08/2024 09:00:00",0,"Comiston_"
"135","04/08/2024 09:00:00",5.4,"Comiston_"
"136","05/08/2024 09:00:00",0.8,"Comiston_"
"137","06/08/2024 09:00:00",0,"Comiston_"
"138","07/08/2024 09:00:00",0,"Comiston_"
"139","08/08/2024 09:00:00",6.4,"Comiston_"
"140","09/08/2024 09:00:00",2.8,"Comiston_"
"141","10/08/2024 09:00:00",0,"Comiston_"
"142","11/08/2024 09:00:00",0.8,"Comiston_"
"143","12/08/2024 09:00:00",0,"Comiston_"
"144","13/08/2024 09:00:00",0.4,"Comiston_"
"145","14/08/2024 09:00:00",3,"Comiston_"
"146","15/08/2024 09:00:00",2.6,"Comiston_"
"147","16/08/2024 09:00:00",0,"Comiston_"
"148","17/08/2024 09:00:00",0.2,"Comiston_"
"149","18/08/2024 09:00:00",0,"Comiston_"
"150","19/08/2024 09:00:00",4.2,"Comiston_"
"151","20/08/2024 09:00:00",0.4,"Comiston_"
"152","21/08/2024 09:00:00",2.8,"Comiston_"
"153","22/08/2024 09:00:00",14.6,"Comiston_"
"154","23/08/2024 09:00:00",2.2,"Comiston_"
"155","24/08/2024 09:00:00",0,"Comiston_"
"156","25/08/2024 09:00:00",2.8,"Comiston_"
"157","26/08/2024 09:00:00",3.6,"Comiston_"
"158","27/08/2024 09:00:00",0.6,"Comiston_"
"159","28/08/2024 09:00:00",2,"Comiston_"
"160","29/08/2024 09:00:00",0.2,"Comiston_"
"161","30/08/2024 09:00:00",0,"Comiston_"
"162","31/08/2024 09:00:00",0,"Comiston_"
"163","01/09/2024 09:00:00",8.6,"Comiston_"
"164","02/09/2024 09:00:00",2.4,"Comiston_"
"165","03/09/2024 09:00:00",0,"Comiston_"
"166","04/09/2024 09:00:00",0.8,"Comiston_"
"167","05/09/2024 09:00:00",3.2,"Comiston_"
"168","06/09/2024 09:00:00",1.8,"Comiston_"
"169","07/09/2024 09:00:00",0.2,"Comiston_"
"170","08/09/2024 09:00:00",5.2,"Comiston_"
"171","09/09/2024 09:00:00",3.6,"Comiston_"
"172","10/09/2024 09:00:00",0,"Comiston_"
"173","11/09/2024 09:00:00",0,"Comiston_"
"174","12/09/2024 09:00:00",0,"Comiston_"
"175","13/09/2024 09:00:00",0.2,"Comiston_"
"176","14/09/2024 09:00:00",0.4,"Comiston_"
"177","15/09/2024 09:00:00",0,"Comiston_"
"178","16/09/2024 09:00:00",0,"Comiston_"
"179","17/09/2024 09:00:00",0,"Comiston_"
"180","18/09/2024 09:00:00",0,"Comiston_"
"181","19/09/2024 09:00:00",0.4,"Comiston_"
"182","20/09/2024 09:00:00",1.4,"Comiston_"
"183","21/09/2024 09:00:00",0.6,"Comiston_"
"184","22/09/2024 09:00:00",0,"Comiston_"
"185","23/09/2024 09:00:00",1.8,"Comiston_"
"186","24/09/2024 09:00:00",1.8,"Comiston_"
"187","25/09/2024 09:00:00",11.8,"Comiston_"
"188","26/09/2024 09:00:00",0.2,"Comiston_"
"189","27/09/2024 09:00:00",0,"Comiston_"
"190","28/09/2024 09:00:00",0,"Comiston_"
"191","29/09/2024 09:00:00",1,"Comiston_"
"192","30/09/2024 09:00:00",3.8,"Comiston_"
"193","01/10/2024 09:00:00",0.2,"Comiston_"
"194","02/10/2024 09:00:00",0,"Comiston_"
"195","03/10/2024 09:00:00",0,"Comiston_"
"196","04/10/2024 09:00:00",0,"Comiston_"
"197","05/10/2024 09:00:00",0.8,"Comiston_"
"198","06/10/2024 09:00:00",9,"Comiston_"
"199","07/10/2024 09:00:00",2.6,"Comiston_"
"200","08/10/2024 09:00:00",16,"Comiston_"
"201","09/10/2024 09:00:00",0,"Comiston_"
"202","10/10/2024 09:00:00",0,"Comiston_"
"203","11/10/2024 09:00:00",1.6,"Comiston_"
"204","12/10/2024 09:00:00",3.8,"Comiston_"
"205","13/10/2024 09:00:00",0,"Comiston_"
"206","14/10/2024 09:00:00",0,"Comiston_"
"207","15/10/2024 09:00:00",2,"Comiston_"
"208","16/10/2024 09:00:00",11.4,"Comiston_"
"209","17/10/2024 09:00:00",0.2,"Comiston_"
"210","18/10/2024 09:00:00",1.4,"Comiston_"
"211","19/10/2024 09:00:00",3.4,"Comiston_"
"212","20/10/2024 09:00:00",5.4,"Comiston_"
"213","21/10/2024 09:00:00",1.6,"Comiston_"
"214","22/10/2024 09:00:00",0.2,"Comiston_"
"215","23/10/2024 09:00:00",0,"Comiston_"
"216","24/10/2024 09:00:00",0,"Comiston_"
"217","25/10/2024 09:00:00",0,"Comiston_"
"218","26/10/2024 09:00:00",2.4,"Comiston_"
"219","27/10/2024 09:00:00",2.4,"Comiston_"
"220","28/10/2024 09:00:00",0,"Comiston_"
"221","29/10/2024 09:00:00",0,"Comiston_"
"222","30/10/2024 09:00:00",0,"Comiston_"
"223","31/10/2024 09:00:00",0,"Comiston_"
"224","01/11/2024 09:00:00",2.8,"Comiston_"
"225","02/11/2024 09:00:00",0.4,"Comiston_"
"226","03/11/2024 09:00:00",0.2,"Comiston_"
"227","04/11/2024 09:00:00",0,"Comiston_"
"228","05/11/2024 09:00:00",0,"Comiston_"
"229","06/11/2024 09:00:00",0,"Comiston_"
"230","07/11/2024 09:00:00",0,"Comiston_"
"231","08/11/2024 09:00:00",0,"Comiston_"
"232","09/11/2024 09:00:00",0.2,"Comiston_"
"233","10/11/2024 09:00:00",0,"Comiston_"
"234","11/11/2024 09:00:00",0,"Comiston_"
"235","12/11/2024 09:00:00",0,"Comiston_"
"236","13/11/2024 09:00:00",0.2,"Comiston_"
"237","14/11/2024 09:00:00",0,"Comiston_"
"238","15/11/2024 09:00:00",0,"Comiston_"
"239","16/11/2024 09:00:00",0,"Comiston_"
"240","17/11/2024 09:00:00",0,"Comiston_"
"241","18/11/2024 09:00:00",0,"Comiston_"
"242","19/11/2024 09:00:00",0,"Comiston_"
"243","20/11/2024 09:00:00",0,"Comiston_"
"244","21/11/2024 09:00:00",0,"Comiston_"
"245","22/11/2024 09:00:00",1.2,"Comiston_"
"246","23/11/2024 09:00:00",18.6,"Comiston_"
"247","24/11/2024 09:00:00",0.4,"Comiston_"
"248","25/11/2024 09:00:00",0.4,"Comiston_"
"249","26/11/2024 09:00:00",3.6,"Comiston_"
"250","27/11/2024 09:00:00",0.2,"Comiston_"
"251","28/11/2024 09:00:00",1.2,"Comiston_"
"252","29/11/2024 09:00:00",0,"Comiston_"
"253","30/11/2024 09:00:00",0.6,"Comiston_"
"254","01/12/2024 09:00:00",3.4,"Comiston_"
"255","02/12/2024 09:00:00",0.2,"Comiston_"
"256","03/12/2024 09:00:00",3.4,"Comiston_"
"257","04/12/2024 09:00:00",5.2,"Comiston_"
"258","05/12/2024 09:00:00",0.2,"Comiston_"
"259","06/12/2024 09:00:00",20.2,"Comiston_"
"260","07/12/2024 09:00:00",3.4,"Comiston_"
"261","08/12/2024 09:00:00",0,"Comiston_"
"262","09/12/2024 09:00:00",0,"Comiston_"
"263","10/12/2024 09:00:00",0,"Comiston_"
"264","11/12/2024 09:00:00",0,"Comiston_"
"265","12/12/2024 09:00:00",0.2,"Comiston_"
"266","13/12/2024 09:00:00",0,"Comiston_"
"267","14/12/2024 09:00:00",0.2,"Comiston_"
"268","15/12/2024 09:00:00",0.8,"Comiston_"
"269","16/12/2024 09:00:00",0.2,"Comiston_"
"270","17/12/2024 09:00:00",2,"Comiston_"
"271","18/12/2024 09:00:00",0,"Comiston_"
"272","19/12/2024 09:00:00",0,"Comiston_"
"273","20/12/2024 09:00:00",1.4,"Comiston_"
"274","21/12/2024 09:00:00",3.2,"Comiston_"
"275","22/12/2024 09:00:00",0,"Comiston_"
"276","23/12/2024 09:00:00",0.2,"Comiston_"
"277","24/12/2024 09:00:00",0,"Comiston_"
"278","25/12/2024 09:00:00",0,"Comiston_"
"279","26/12/2024 09:00:00",0,"Comiston_"
"280","27/12/2024 09:00:00",0,"Comiston_"
"281","28/12/2024 09:00:00",0.4,"Comiston_"
"282","29/12/2024 09:00:00",0,"Comiston_"
"283","30/12/2024 09:00:00",16.8,"Comiston_"
"284","31/12/2024 09:00:00",10,"Comiston_"
"285","01/01/2025 09:00:00",14.8,"Comiston_"
"286","02/01/2025 09:00:00",0,"Comiston_"
"287","03/01/2025 09:00:00",0.4,"Comiston_"
"288","04/01/2025 09:00:00",0,"Comiston_"
"289","05/01/2025 09:00:00",18.6,"Comiston_"
"290","06/01/2025 09:00:00",0,"Comiston_"
"291","07/01/2025 09:00:00",0,"Comiston_"
"292","08/01/2025 09:00:00",0,"Comiston_"
"293","09/01/2025 09:00:00",0,"Comiston_"
"294","10/01/2025 09:00:00",0,"Comiston_"
"295","11/01/2025 09:00:00",0.2,"Comiston_"
"296","12/01/2025 09:00:00",0,"Comiston_"
"297","13/01/2025 09:00:00",0.4,"Comiston_"
"298","14/01/2025 09:00:00",0.2,"Comiston_"
"299","15/01/2025 09:00:00",0,"Comiston_"
"300","16/01/2025 09:00:00",0,"Comiston_"
"301","17/01/2025 09:00:00",0,"Comiston_"
"302","18/01/2025 09:00:00",0,"Comiston_"
"303","19/01/2025 09:00:00",0,"Comiston_"
"304","20/01/2025 09:00:00",0,"Comiston_"
"305","21/01/2025 09:00:00",0,"Comiston_"
"306","22/01/2025 09:00:00",0.2,"Comiston_"
"307","23/01/2025 09:00:00",3,"Comiston_"
"308","24/01/2025 09:00:00",10.4,"Comiston_"
"309","25/01/2025 09:00:00",4.4,"Comiston_"
"310","26/01/2025 09:00:00",4,"Comiston_"
"311","27/01/2025 09:00:00",5.6,"Comiston_"
"312","28/01/2025 09:00:00",0,"Comiston_"
"313","29/01/2025 09:00:00",0,"Comiston_"
"314","30/01/2025 09:00:00",0,"Comiston_"
"315","31/01/2025 09:00:00",0,"Comiston_"
"316","01/02/2025 09:00:00",4.2,"Comiston_"
"317","02/02/2025 09:00:00",0,"Comiston_"
"318","03/02/2025 09:00:00",1.8,"Comiston_"
"319","04/02/2025 09:00:00",4.4,"Comiston_"
"320","05/02/2025 09:00:00",0.2,"Comiston_"
"321","06/02/2025 09:00:00",0,"Comiston_"
"322","07/02/2025 09:00:00",0.8,"Comiston_"
"323","08/02/2025 09:00:00",1.2,"Comiston_"
"324","09/02/2025 09:00:00",1.4,"Comiston_"
"325","10/02/2025 09:00:00",4.4,"Comiston_"
"326","11/02/2025 09:00:00",0.4,"Comiston_"
"327","12/02/2025 09:00:00",0,"Comiston_"
"328","13/02/2025 09:00:00",0.2,"Comiston_"
"329","14/02/2025 09:00:00",0.2,"Comiston_"
"330","15/02/2025 09:00:00",0.6,"Comiston_"
"331","16/02/2025 09:00:00",0,"Comiston_"
"332","17/02/2025 09:00:00",0.2,"Comiston_"
"333","18/02/2025 09:00:00",0.2,"Comiston_"
"334","19/02/2025 09:00:00",4,"Comiston_"
"335","20/02/2025 09:00:00",3.6,"Comiston_"
"336","21/02/2025 09:00:00",1.4,"Comiston_"
"337","22/02/2025 09:00:00",0.6,"Comiston_"
"338","23/02/2025 09:00:00",1,"Comiston_"
"339","24/02/2025 09:00:00",3.2,"Comiston_"
"340","25/02/2025 09:00:00",0.4,"Comiston_"
"341","26/02/2025 09:00:00",0.8,"Comiston_"
"342","27/02/2025 09:00:00",0,"Comiston_"
"343","28/02/2025 09:00:00",0,"Comiston_"
"344","01/03/2025 09:00:00",0,"Comiston_"
"345","02/03/2025 09:00:00",0,"Comiston_"
"346","03/03/2025 09:00:00",0,"Comiston_"
"347","04/03/2025 09:00:00",0.2,"Comiston_"
"348","05/03/2025 09:00:00",0.2,"Comiston_"
"349","06/03/2025 09:00:00",0,"Comiston_"
"350","07/03/2025 09:00:00",0,"Comiston_"
"351","08/03/2025 09:00:00",0.2,"Comiston_"
"352","09/03/2025 09:00:00",0,"Comiston_"
"353","10/03/2025 09:00:00",0,"Comiston_"
"354","11/03/2025 09:00:00",0,"Comiston_"
"355","12/03/2025 09:00:00",0.2,"Comiston_"
"356","13/03/2025 09:00:00",0.6,"Comiston_"
"357","14/03/2025 09:00:00",0,"Comiston_"
"358","15/03/2025 09:00:00",0,"Comiston_"
"359","16/03/2025 09:00:00",0.6,"Comiston_"
"360","17/03/2025 09:00:00",0.2,"Comiston_"
"361","18/03/2025 09:00:00",0,"Comiston_"
"362","19/03/2025 09:00:00",0,"Comiston_"
"363","20/03/2025 09:00:00",0,"Comiston_"
"364","21/03/2025 09:00:00",0.8,"Comiston_"
"365","23/03/2024 09:00:00",0,"Gogarbank_"
"366","24/03/2024 09:00:00",0,"Gogarbank_"
"367","25/03/2024 09:00:00",10.8,"Gogarbank_"
"368","26/03/2024 09:00:00",9.2,"Gogarbank_"
"369","27/03/2024 09:00:00",10.2,"Gogarbank_"
"370","28/03/2024 09:00:00",11.2,"Gogarbank_"
"371","29/03/2024 09:00:00",0.4,"Gogarbank_"
"372","30/03/2024 09:00:00",0,"Gogarbank_"
"373","31/03/2024 09:00:00",0,"Gogarbank_"
"374","01/04/2024 09:00:00",12.4,"Gogarbank_"
"375","02/04/2024 09:00:00",3.6,"Gogarbank_"
"376","03/04/2024 09:00:00",19,"Gogarbank_"
"377","04/04/2024 09:00:00",13.8,"Gogarbank_"
"378","05/04/2024 09:00:00",11.2,"Gogarbank_"
"379","06/04/2024 09:00:00",0.6,"Gogarbank_"
"380","07/04/2024 09:00:00",0,"Gogarbank_"
"381","08/04/2024 09:00:00",12.2,"Gogarbank_"
"382","09/04/2024 09:00:00",1,"Gogarbank_"
"383","10/04/2024 09:00:00",3.2,"Gogarbank_"
"384","11/04/2024 09:00:00",2.4,"Gogarbank_"
"385","12/04/2024 09:00:00",2.6,"Gogarbank_"
"386","13/04/2024 09:00:00",2.8,"Gogarbank_"
"387","14/04/2024 09:00:00",3.6,"Gogarbank_"
"388","15/04/2024 09:00:00",0,"Gogarbank_"
"389","16/04/2024 09:00:00",0.2,"Gogarbank_"
"390","17/04/2024 09:00:00",0,"Gogarbank_"
"391","18/04/2024 09:00:00",0.4,"Gogarbank_"
"392","19/04/2024 09:00:00",0,"Gogarbank_"
"393","20/04/2024 09:00:00",0,"Gogarbank_"
"394","21/04/2024 09:00:00",1.4,"Gogarbank_"
"395","22/04/2024 09:00:00",0,"Gogarbank_"
"396","23/04/2024 09:00:00",0,"Gogarbank_"
"397","24/04/2024 09:00:00",0,"Gogarbank_"
"398","25/04/2024 09:00:00",0,"Gogarbank_"
"399","26/04/2024 09:00:00",0,"Gogarbank_"
"400","27/04/2024 09:00:00",0.8,"Gogarbank_"
"401","28/04/2024 09:00:00",0,"Gogarbank_"
"402","29/04/2024 09:00:00",0.2,"Gogarbank_"
"403","30/04/2024 09:00:00",0,"Gogarbank_"
"404","01/05/2024 09:00:00",0,"Gogarbank_"
"405","02/05/2024 09:00:00",0,"Gogarbank_"
"406","03/05/2024 09:00:00",0.6,"Gogarbank_"
"407","04/05/2024 09:00:00",1,"Gogarbank_"
"408","05/05/2024 09:00:00",7.2,"Gogarbank_"
"409","06/05/2024 09:00:00",3,"Gogarbank_"
"410","07/05/2024 09:00:00",0,"Gogarbank_"
"411","08/05/2024 09:00:00",0.2,"Gogarbank_"
"412","09/05/2024 09:00:00",0,"Gogarbank_"
"413","10/05/2024 09:00:00",0,"Gogarbank_"
"414","11/05/2024 09:00:00",0,"Gogarbank_"
"415","12/05/2024 09:00:00",2.6,"Gogarbank_"
"416","13/05/2024 09:00:00",0.4,"Gogarbank_"
"417","14/05/2024 09:00:00",0.4,"Gogarbank_"
"418","15/05/2024 09:00:00",0.2,"Gogarbank_"
"419","16/05/2024 09:00:00",0,"Gogarbank_"
"420","17/05/2024 09:00:00",0,"Gogarbank_"
"421","18/05/2024 09:00:00",0,"Gogarbank_"
"422","19/05/2024 09:00:00",0,"Gogarbank_"
"423","20/05/2024 09:00:00",0,"Gogarbank_"
"424","21/05/2024 09:00:00",1.2,"Gogarbank_"
"425","22/05/2024 09:00:00",32.4,"Gogarbank_"
"426","23/05/2024 09:00:00",37.2,"Gogarbank_"
"427","24/05/2024 09:00:00",5.6,"Gogarbank_"
"428","25/05/2024 09:00:00",7.4,"Gogarbank_"
"429","26/05/2024 09:00:00",15.8,"Gogarbank_"
"430","27/05/2024 09:00:00",1,"Gogarbank_"
"431","28/05/2024 09:00:00",9.4,"Gogarbank_"
"432","29/05/2024 09:00:00",12.2,"Gogarbank_"
"433","30/05/2024 09:00:00",0,"Gogarbank_"
"434","31/05/2024 09:00:00",0,"Gogarbank_"
"435","01/06/2024 09:00:00",0,"Gogarbank_"
"436","02/06/2024 09:00:00",0.4,"Gogarbank_"
"437","03/06/2024 09:00:00",0.6,"Gogarbank_"
"438","04/06/2024 09:00:00",0,"Gogarbank_"
"439","05/06/2024 09:00:00",0.8,"Gogarbank_"
"440","06/06/2024 09:00:00",0.4,"Gogarbank_"
"441","07/06/2024 09:00:00",0.8,"Gogarbank_"
"442","08/06/2024 09:00:00",0,"Gogarbank_"
"443","09/06/2024 09:00:00",0.2,"Gogarbank_"
"444","10/06/2024 09:00:00",1.4,"Gogarbank_"
"445","11/06/2024 09:00:00",0,"Gogarbank_"
"446","12/06/2024 09:00:00",0,"Gogarbank_"
"447","13/06/2024 09:00:00",7.8,"Gogarbank_"
"448","14/06/2024 09:00:00",8.8,"Gogarbank_"
"449","15/06/2024 09:00:00",0,"Gogarbank_"
"450","16/06/2024 09:00:00",2.8,"Gogarbank_"
"451","17/06/2024 09:00:00",1,"Gogarbank_"
"452","18/06/2024 09:00:00",1.4,"Gogarbank_"
"453","19/06/2024 09:00:00",0,"Gogarbank_"
"454","20/06/2024 09:00:00",0,"Gogarbank_"
"455","21/06/2024 09:00:00",1.6,"Gogarbank_"
"456","22/06/2024 09:00:00",0,"Gogarbank_"
"457","23/06/2024 09:00:00",0,"Gogarbank_"
"458","24/06/2024 09:00:00",0,"Gogarbank_"
"459","25/06/2024 09:00:00",2,"Gogarbank_"
"460","26/06/2024 09:00:00",0,"Gogarbank_"
"461","27/06/2024 09:00:00",0.2,"Gogarbank_"
"462","28/06/2024 09:00:00",0.8,"Gogarbank_"
"463","29/06/2024 09:00:00",0,"Gogarbank_"
"464","30/06/2024 09:00:00",0,"Gogarbank_"
"465","01/07/2024 09:00:00",0.2,"Gogarbank_"
"466","02/07/2024 09:00:00",1.8,"Gogarbank_"
"467","03/07/2024 09:00:00",1.8,"Gogarbank_"
"468","04/07/2024 09:00:00",2.8,"Gogarbank_"
"469","05/07/2024 09:00:00",0,"Gogarbank_"
"470","06/07/2024 09:00:00",1.8,"Gogarbank_"
"471","07/07/2024 09:00:00",0,"Gogarbank_"
"472","08/07/2024 09:00:00",0,"Gogarbank_"
"473","09/07/2024 09:00:00",7.6,"Gogarbank_"
"474","10/07/2024 09:00:00",0.2,"Gogarbank_"
"475","11/07/2024 09:00:00",0,"Gogarbank_"
"476","12/07/2024 09:00:00",0,"Gogarbank_"
"477","13/07/2024 09:00:00",4,"Gogarbank_"
"478","14/07/2024 09:00:00",0,"Gogarbank_"
"479","15/07/2024 09:00:00",3.6,"Gogarbank_"
"480","16/07/2024 09:00:00",3.4,"Gogarbank_"
"481","17/07/2024 09:00:00",0.8,"Gogarbank_"
"482","18/07/2024 09:00:00",0,"Gogarbank_"
"483","19/07/2024 09:00:00",0,"Gogarbank_"
"484","20/07/2024 09:00:00",10.2,"Gogarbank_"
"485","21/07/2024 09:00:00",0.4,"Gogarbank_"
"486","22/07/2024 09:00:00",0.2,"Gogarbank_"
"487","23/07/2024 09:00:00",0,"Gogarbank_"
"488","24/07/2024 09:00:00",0,"Gogarbank_"
"489","25/07/2024 09:00:00",8.6,"Gogarbank_"
"490","26/07/2024 09:00:00",0,"Gogarbank_"
"491","27/07/2024 09:00:00",0.4,"Gogarbank_"
"492","28/07/2024 09:00:00",0,"Gogarbank_"
"493","29/07/2024 09:00:00",0,"Gogarbank_"
"494","30/07/2024 09:00:00",0,"Gogarbank_"
"495","31/07/2024 09:00:00",0.2,"Gogarbank_"
"496","01/08/2024 09:00:00",0,"Gogarbank_"
"497","02/08/2024 09:00:00",0.2,"Gogarbank_"
"498","03/08/2024 09:00:00",0,"Gogarbank_"
"499","04/08/2024 09:00:00",4.8,"Gogarbank_"
"500","05/08/2024 09:00:00",1.4,"Gogarbank_"
"501","06/08/2024 09:00:00",0,"Gogarbank_"
"502","07/08/2024 09:00:00",0.4,"Gogarbank_"
"503","08/08/2024 09:00:00",6.6,"Gogarbank_"
"504","09/08/2024 09:00:00",2,"Gogarbank_"
"505","10/08/2024 09:00:00",0,"Gogarbank_"
"506","11/08/2024 09:00:00",1.6,"Gogarbank_"
"507","12/08/2024 09:00:00",0,"Gogarbank_"
"508","13/08/2024 09:00:00",0.6,"Gogarbank_"
"509","14/08/2024 09:00:00",5,"Gogarbank_"
"510","15/08/2024 09:00:00",3.4,"Gogarbank_"
"511","16/08/2024 09:00:00",0.6,"Gogarbank_"
"512","17/08/2024 09:00:00",0.2,"Gogarbank_"
"513","18/08/2024 09:00:00",0,"Gogarbank_"
"514","19/08/2024 09:00:00",3.4,"Gogarbank_"
"515","20/08/2024 09:00:00",1.2,"Gogarbank_"
"516","21/08/2024 09:00:00",3,"Gogarbank_"
"517","22/08/2024 09:00:00",15.6,"Gogarbank_"
"518","23/08/2024 09:00:00",3.2,"Gogarbank_"
"519","24/08/2024 09:00:00",0,"Gogarbank_"
"520","25/08/2024 09:00:00",3,"Gogarbank_"
"521","26/08/2024 09:00:00",3.8,"Gogarbank_"
"522","27/08/2024 09:00:00",0.4,"Gogarbank_"
"523","28/08/2024 09:00:00",1.8,"Gogarbank_"
"524","29/08/2024 09:00:00",0,"Gogarbank_"
"525","30/08/2024 09:00:00",0,"Gogarbank_"
"526","31/08/2024 09:00:00",0,"Gogarbank_"
"527","01/09/2024 09:00:00",9.2,"Gogarbank_"
"528","02/09/2024 09:00:00",11.4,"Gogarbank_"
"529","03/09/2024 09:00:00",0,"Gogarbank_"
"530","04/09/2024 09:00:00",0,"Gogarbank_"
"531","05/09/2024 09:00:00",1,"Gogarbank_"
"532","06/09/2024 09:00:00",0.8,"Gogarbank_"
"533","07/09/2024 09:00:00",0.2,"Gogarbank_"
"534","08/09/2024 09:00:00",3.6,"Gogarbank_"
"535","09/09/2024 09:00:00",4.8,"Gogarbank_"
"536","10/09/2024 09:00:00",0,"Gogarbank_"
"537","11/09/2024 09:00:00",0,"Gogarbank_"
"538","12/09/2024 09:00:00",0,"Gogarbank_"
"539","13/09/2024 09:00:00",0.2,"Gogarbank_"
"540","14/09/2024 09:00:00",1,"Gogarbank_"
"541","15/09/2024 09:00:00",0.2,"Gogarbank_"
"542","16/09/2024 09:00:00",0,"Gogarbank_"
"543","17/09/2024 09:00:00",0,"Gogarbank_"
"544","18/09/2024 09:00:00",0,"Gogarbank_"
"545","19/09/2024 09:00:00",0.2,"Gogarbank_"
"546","20/09/2024 09:00:00",0.4,"Gogarbank_"
"547","21/09/2024 09:00:00",0,"Gogarbank_"
"548","22/09/2024 09:00:00",0,"Gogarbank_"
"549","23/09/2024 09:00:00",1.2,"Gogarbank_"
"550","24/09/2024 09:00:00",0.2,"Gogarbank_"
"551","25/09/2024 09:00:00",18.4,"Gogarbank_"
"552","26/09/2024 09:00:00",0.2,"Gogarbank_"
"553","27/09/2024 09:00:00",0,"Gogarbank_"
"554","28/09/2024 09:00:00",0,"Gogarbank_"
"555","29/09/2024 09:00:00",0,"Gogarbank_"
"556","30/09/2024 09:00:00",1.6,"Gogarbank_"
"557","01/10/2024 09:00:00",0,"Gogarbank_"
"558","02/10/2024 09:00:00",0,"Gogarbank_"
"559","03/10/2024 09:00:00",0,"Gogarbank_"
"560","04/10/2024 09:00:00",0.4,"Gogarbank_"
"561","05/10/2024 09:00:00",0.6,"Gogarbank_"
"562","06/10/2024 09:00:00",10.2,"Gogarbank_"
"563","07/10/2024 09:00:00",1.4,"Gogarbank_"
"564","08/10/2024 09:00:00",6.6,"Gogarbank_"
"565","09/10/2024 09:00:00",0,"Gogarbank_"
"566","10/10/2024 09:00:00",0,"Gogarbank_"
"567","11/10/2024 09:00:00",1.4,"Gogarbank_"
"568","12/10/2024 09:00:00",7.2,"Gogarbank_"
"569","13/10/2024 09:00:00",0,"Gogarbank_"
"570","14/10/2024 09:00:00",0,"Gogarbank_"
"571","15/10/2024 09:00:00",1.8,"Gogarbank_"
"572","16/10/2024 09:00:00",9.8,"Gogarbank_"
"573","17/10/2024 09:00:00",0.6,"Gogarbank_"
"574","18/10/2024 09:00:00",1.6,"Gogarbank_"
"575","19/10/2024 09:00:00",2.2,"Gogarbank_"
"576","20/10/2024 09:00:00",7.2,"Gogarbank_"
"577","21/10/2024 09:00:00",0.6,"Gogarbank_"
"578","22/10/2024 09:00:00",0,"Gogarbank_"
"579","23/10/2024 09:00:00",0,"Gogarbank_"
"580","24/10/2024 09:00:00",0,"Gogarbank_"
"581","25/10/2024 09:00:00",1.6,"Gogarbank_"
"582","26/10/2024 09:00:00",2,"Gogarbank_"
"583","27/10/2024 09:00:00",2.2,"Gogarbank_"
"584","28/10/2024 09:00:00",0,"Gogarbank_"
"585","29/10/2024 09:00:00",0,"Gogarbank_"
"586","30/10/2024 09:00:00",0,"Gogarbank_"
"587","31/10/2024 09:00:00",0,"Gogarbank_"
"588","01/11/2024 09:00:00",1,"Gogarbank_"
"589","02/11/2024 09:00:00",0,"Gogarbank_"
"590","03/11/2024 09:00:00",0,"Gogarbank_"
"591","04/11/2024 09:00:00",0,"Gogarbank_"
"592","05/11/2024 09:00:00",0,"Gogarbank_"
"593","06/11/2024 09:00:00",0,"Gogarbank_"
"594","07/11/2024 09:00:00",0,"Gogarbank_"
"595","08/11/2024 09:00:00",0,"Gogarbank_"
"596","09/11/2024 09:00:00",0.4,"Gogarbank_"
"597","10/11/2024 09:00:00",0,"Gogarbank_"
"598","11/11/2024 09:00:00",0.2,"Gogarbank_"
"599","12/11/2024 09:00:00",0,"Gogarbank_"
"600","13/11/2024 09:00:00",0,"Gogarbank_"
"601","14/11/2024 09:00:00",0,"Gogarbank_"
"602","15/11/2024 09:00:00",0,"Gogarbank_"
"603","16/11/2024 09:00:00",0,"Gogarbank_"
"604","17/11/2024 09:00:00",0,"Gogarbank_"
"605","18/11/2024 09:00:00",0.2,"Gogarbank_"
"606","19/11/2024 09:00:00",0,"Gogarbank_"
"607","20/11/2024 09:00:00",0,"Gogarbank_"
"608","21/11/2024 09:00:00",0,"Gogarbank_"
"609","22/11/2024 09:00:00",2,"Gogarbank_"
"610","23/11/2024 09:00:00",14.8,"Gogarbank_"
"611","24/11/2024 09:00:00",0.2,"Gogarbank_"
"612","25/11/2024 09:00:00",0.4,"Gogarbank_"
"613","26/11/2024 09:00:00",1.4,"Gogarbank_"
"614","27/11/2024 09:00:00",0,"Gogarbank_"
"615","28/11/2024 09:00:00",1,"Gogarbank_"
"616","29/11/2024 09:00:00",0,"Gogarbank_"
"617","30/11/2024 09:00:00",1.6,"Gogarbank_"
"618","01/12/2024 09:00:00",4.6,"Gogarbank_"
"619","02/12/2024 09:00:00",0,"Gogarbank_"
"620","03/12/2024 09:00:00",2,"Gogarbank_"
"621","04/12/2024 09:00:00",4.8,"Gogarbank_"
"622","05/12/2024 09:00:00",0.2,"Gogarbank_"
"623","06/12/2024 09:00:00",15.4,"Gogarbank_"
"624","07/12/2024 09:00:00",2.8,"Gogarbank_"
"625","08/12/2024 09:00:00",0,"Gogarbank_"
"626","09/12/2024 09:00:00",0,"Gogarbank_"
"627","10/12/2024 09:00:00",0,"Gogarbank_"
"628","11/12/2024 09:00:00",0,"Gogarbank_"
"629","12/12/2024 09:00:00",0,"Gogarbank_"
"630","13/12/2024 09:00:00",0,"Gogarbank_"
"631","14/12/2024 09:00:00",0,"Gogarbank_"
"632","15/12/2024 09:00:00",0.8,"Gogarbank_"
"633","16/12/2024 09:00:00",0.6,"Gogarbank_"
"634","17/12/2024 09:00:00",1.6,"Gogarbank_"
"635","18/12/2024 09:00:00",0,"Gogarbank_"
"636","19/12/2024 09:00:00",0,"Gogarbank_"
"637","20/12/2024 09:00:00",1.4,"Gogarbank_"
"638","21/12/2024 09:00:00",3.6,"Gogarbank_"
"639","22/12/2024 09:00:00",0,"Gogarbank_"
"640","23/12/2024 09:00:00",0,"Gogarbank_"
"641","24/12/2024 09:00:00",0,"Gogarbank_"
"642","25/12/2024 09:00:00",0,"Gogarbank_"
"643","26/12/2024 09:00:00",0,"Gogarbank_"
"644","27/12/2024 09:00:00",0,"Gogarbank_"
"645","28/12/2024 09:00:00",0.2,"Gogarbank_"
"646","29/12/2024 09:00:00",0,"Gogarbank_"
"647","30/12/2024 09:00:00",20.8,"Gogarbank_"
"648","31/12/2024 09:00:00",11.2,"Gogarbank_"
"649","01/01/2025 09:00:00",13,"Gogarbank_"
"650","02/01/2025 09:00:00",0,"Gogarbank_"
"651","03/01/2025 09:00:00",0.6,"Gogarbank_"
"652","04/01/2025 09:00:00",0.2,"Gogarbank_"
"653","05/01/2025 09:00:00",16.6,"Gogarbank_"
"654","06/01/2025 09:00:00",0,"Gogarbank_"
"655","07/01/2025 09:00:00",0,"Gogarbank_"
"656","08/01/2025 09:00:00",0,"Gogarbank_"
"657","09/01/2025 09:00:00",0,"Gogarbank_"
"658","10/01/2025 09:00:00",0,"Gogarbank_"
"659","11/01/2025 09:00:00",0,"Gogarbank_"
"660","12/01/2025 09:00:00",0,"Gogarbank_"
"661","13/01/2025 09:00:00",0.4,"Gogarbank_"
"662","14/01/2025 09:00:00",0,"Gogarbank_"
"663","15/01/2025 09:00:00",0,"Gogarbank_"
"664","16/01/2025 09:00:00",0,"Gogarbank_"
"665","17/01/2025 09:00:00",0,"Gogarbank_"
"666","18/01/2025 09:00:00",0,"Gogarbank_"
"667","19/01/2025 09:00:00",0,"Gogarbank_"
"668","20/01/2025 09:00:00",0,"Gogarbank_"
"669","21/01/2025 09:00:00",0,"Gogarbank_"
"670","22/01/2025 09:00:00",0,"Gogarbank_"
"671","23/01/2025 09:00:00",4,"Gogarbank_"
"672","24/01/2025 09:00:00",10.2,"Gogarbank_"
"673","25/01/2025 09:00:00",3.8,"Gogarbank_"
"674","26/01/2025 09:00:00",3,"Gogarbank_"
"675","27/01/2025 09:00:00",4.4,"Gogarbank_"
"676","28/01/2025 09:00:00",0,"Gogarbank_"
"677","29/01/2025 09:00:00",0,"Gogarbank_"
"678","30/01/2025 09:00:00",0,"Gogarbank_"
"679","31/01/2025 09:00:00",0,"Gogarbank_"
"680","01/02/2025 09:00:00",2.2,"Gogarbank_"
"681","02/02/2025 09:00:00",0,"Gogarbank_"
"682","03/02/2025 09:00:00",2.6,"Gogarbank_"
"683","04/02/2025 09:00:00",4.6,"Gogarbank_"
"684","05/02/2025 09:00:00",0.6,"Gogarbank_"
"685","06/02/2025 09:00:00",0,"Gogarbank_"
"686","07/02/2025 09:00:00",0.2,"Gogarbank_"
"687","08/02/2025 09:00:00",0.4,"Gogarbank_"
"688","09/02/2025 09:00:00",0.8,"Gogarbank_"
"689","10/02/2025 09:00:00",2.8,"Gogarbank_"
"690","11/02/2025 09:00:00",0.6,"Gogarbank_"
"691","12/02/2025 09:00:00",0.2,"Gogarbank_"
"692","13/02/2025 09:00:00",0,"Gogarbank_"
"693","14/02/2025 09:00:00",0.4,"Gogarbank_"
"694","15/02/2025 09:00:00",0.6,"Gogarbank_"
"695","16/02/2025 09:00:00",0,"Gogarbank_"
"696","17/02/2025 09:00:00",0.2,"Gogarbank_"
"697","18/02/2025 09:00:00",0,"Gogarbank_"
"698","19/02/2025 09:00:00",1.6,"Gogarbank_"
"699","20/02/2025 09:00:00",4.8,"Gogarbank_"
"700","21/02/2025 09:00:00",2.4,"Gogarbank_"
"701","22/02/2025 09:00:00",0.6,"Gogarbank_"
"702","23/02/2025 09:00:00",1.6,"Gogarbank_"
"703","24/02/2025 09:00:00",3.4,"Gogarbank_"
"704","25/02/2025 09:00:00",1.2,"Gogarbank_"
"705","26/02/2025 09:00:00",0,"Gogarbank_"
"706","27/02/2025 09:00:00",0,"Gogarbank_"
"707","28/02/2025 09:00:00",0,"Gogarbank_"
"708","01/03/2025 09:00:00",0,"Gogarbank_"
"709","02/03/2025 09:00:00",0,"Gogarbank_"
"710","03/03/2025 09:00:00",0,"Gogarbank_"
"711","04/03/2025 09:00:00",0.6,"Gogarbank_"
"712","05/03/2025 09:00:00",0,"Gogarbank_"
"713","06/03/2025 09:00:00",0,"Gogarbank_"
"714","07/03/2025 09:00:00",0.4,"Gogarbank_"
"715","08/03/2025 09:00:00",0,"Gogarbank_"
"716","09/03/2025 09:00:00",0,"Gogarbank_"
"717","10/03/2025 09:00:00",0.6,"Gogarbank_"
"718","11/03/2025 09:00:00",0,"Gogarbank_"
"719","12/03/2025 09:00:00",0,"Gogarbank_"
"720","13/03/2025 09:00:00",0.4,"Gogarbank_"
"721","14/03/2025 09:00:00",0,"Gogarbank_"
"722","15/03/2025 09:00:00",0,"Gogarbank_"
"723","16/03/2025 09:00:00",0.2,"Gogarbank_"
"724","17/03/2025 09:00:00",0,"Gogarbank_"
"725","18/03/2025 09:00:00",0,"Gogarbank_"
"726","19/03/2025 09:00:00",0,"Gogarbank_"
"727","20/03/2025 09:00:00",0,"Gogarbank_"
"728","21/03/2025 09:00:00",0.4,"Gogarbank_"
"729","23/03/2024 09:00:00",0.2,"Harelaw_"
"730","24/03/2024 09:00:00",0,"Harelaw_"
"731","25/03/2024 09:00:00",9.6,"Harelaw_"
"732","26/03/2024 09:00:00",6.8,"Harelaw_"
"733","27/03/2024 09:00:00",7.6,"Harelaw_"
"734","28/03/2024 09:00:00",11.8,"Harelaw_"
"735","29/03/2024 09:00:00",1.2,"Harelaw_"
"736","30/03/2024 09:00:00",0.4,"Harelaw_"
"737","31/03/2024 09:00:00",0,"Harelaw_"
"738","01/04/2024 09:00:00",7.6,"Harelaw_"
"739","02/04/2024 09:00:00",3,"Harelaw_"
"740","03/04/2024 09:00:00",19,"Harelaw_"
"741","04/04/2024 09:00:00",16.6,"Harelaw_"
"742","05/04/2024 09:00:00",9,"Harelaw_"
"743","06/04/2024 09:00:00",1.2,"Harelaw_"
"744","07/04/2024 09:00:00",0,"Harelaw_"
"745","08/04/2024 09:00:00",13.8,"Harelaw_"
"746","09/04/2024 09:00:00",4.8,"Harelaw_"
"747","10/04/2024 09:00:00",1.2,"Harelaw_"
"748","11/04/2024 09:00:00",1.8,"Harelaw_"
"749","12/04/2024 09:00:00",2,"Harelaw_"
"750","13/04/2024 09:00:00",3.6,"Harelaw_"
"751","14/04/2024 09:00:00",2.6,"Harelaw_"
"752","15/04/2024 09:00:00",0,"Harelaw_"
"753","16/04/2024 09:00:00",0,"Harelaw_"
"754","17/04/2024 09:00:00",0.2,"Harelaw_"
"755","18/04/2024 09:00:00",1.6,"Harelaw_"
"756","19/04/2024 09:00:00",0,"Harelaw_"
"757","20/04/2024 09:00:00",0,"Harelaw_"
"758","21/04/2024 09:00:00",0.6,"Harelaw_"
"759","22/04/2024 09:00:00",0,"Harelaw_"
"760","23/04/2024 09:00:00",0,"Harelaw_"
"761","24/04/2024 09:00:00",0,"Harelaw_"
"762","25/04/2024 09:00:00",1.6,"Harelaw_"
"763","26/04/2024 09:00:00",0,"Harelaw_"
"764","27/04/2024 09:00:00",0,"Harelaw_"
"765","28/04/2024 09:00:00",0.2,"Harelaw_"
"766","29/04/2024 09:00:00",0.4,"Harelaw_"
"767","30/04/2024 09:00:00",0,"Harelaw_"
"768","01/05/2024 09:00:00",0,"Harelaw_"
"769","02/05/2024 09:00:00",0,"Harelaw_"
"770","03/05/2024 09:00:00",2.6,"Harelaw_"
"771","04/05/2024 09:00:00",0,"Harelaw_"
"772","05/05/2024 09:00:00",6.8,"Harelaw_"
"773","06/05/2024 09:00:00",7.6,"Harelaw_"
"774","07/05/2024 09:00:00",0,"Harelaw_"
"775","08/05/2024 09:00:00",0.2,"Harelaw_"
"776","09/05/2024 09:00:00",0,"Harelaw_"
"777","10/05/2024 09:00:00",0,"Harelaw_"
"778","11/05/2024 09:00:00",0,"Harelaw_"
"779","12/05/2024 09:00:00",0.6,"Harelaw_"
"780","13/05/2024 09:00:00",0,"Harelaw_"
"781","14/05/2024 09:00:00",0.2,"Harelaw_"
"782","15/05/2024 09:00:00",0.2,"Harelaw_"
"783","16/05/2024 09:00:00",0,"Harelaw_"
"784","17/05/2024 09:00:00",0,"Harelaw_"
"785","18/05/2024 09:00:00",0,"Harelaw_"
"786","19/05/2024 09:00:00",0,"Harelaw_"
"787","20/05/2024 09:00:00",0,"Harelaw_"
"788","21/05/2024 09:00:00",0.2,"Harelaw_"
"789","22/05/2024 09:00:00",50.2,"Harelaw_"
"790","23/05/2024 09:00:00",34,"Harelaw_"
"791","24/05/2024 09:00:00",4.6,"Harelaw_"
"792","25/05/2024 09:00:00",3.8,"Harelaw_"
"793","26/05/2024 09:00:00",7,"Harelaw_"
"794","27/05/2024 09:00:00",2,"Harelaw_"
"795","28/05/2024 09:00:00",8.4,"Harelaw_"
"796","29/05/2024 09:00:00",20.8,"Harelaw_"
"797","30/05/2024 09:00:00",0,"Harelaw_"
"798","31/05/2024 09:00:00",0,"Harelaw_"
"799","01/06/2024 09:00:00",0,"Harelaw_"
"800","02/06/2024 09:00:00",0,"Harelaw_"
"801","03/06/2024 09:00:00",0.4,"Harelaw_"
"802","04/06/2024 09:00:00",0,"Harelaw_"
"803","05/06/2024 09:00:00",2.2,"Harelaw_"
"804","06/06/2024 09:00:00",0,"Harelaw_"
"805","07/06/2024 09:00:00",0.2,"Harelaw_"
"806","08/06/2024 09:00:00",0,"Harelaw_"
"807","09/06/2024 09:00:00",0.8,"Harelaw_"
"808","10/06/2024 09:00:00",0.4,"Harelaw_"
"809","11/06/2024 09:00:00",0,"Harelaw_"
"810","12/06/2024 09:00:00",0,"Harelaw_"
"811","13/06/2024 09:00:00",5.2,"Harelaw_"
"812","14/06/2024 09:00:00",10.6,"Harelaw_"
"813","15/06/2024 09:00:00",0,"Harelaw_"
"814","16/06/2024 09:00:00",3,"Harelaw_"
"815","17/06/2024 09:00:00",6.6,"Harelaw_"
"816","18/06/2024 09:00:00",1.8,"Harelaw_"
"817","19/06/2024 09:00:00",0,"Harelaw_"
"818","20/06/2024 09:00:00",0,"Harelaw_"
"819","21/06/2024 09:00:00",0.4,"Harelaw_"
"820","22/06/2024 09:00:00",0,"Harelaw_"
"821","23/06/2024 09:00:00",0,"Harelaw_"
"822","24/06/2024 09:00:00",0,"Harelaw_"
"823","25/06/2024 09:00:00",1.4,"Harelaw_"
"824","26/06/2024 09:00:00",0,"Harelaw_"
"825","27/06/2024 09:00:00",0,"Harelaw_"
"826","28/06/2024 09:00:00",1.8,"Harelaw_"
"827","29/06/2024 09:00:00",0,"Harelaw_"
"828","30/06/2024 09:00:00",0.4,"Harelaw_"
"829","01/07/2024 09:00:00",1,"Harelaw_"
"830","02/07/2024 09:00:00",1.2,"Harelaw_"
"831","03/07/2024 09:00:00",0.8,"Harelaw_"
"832","04/07/2024 09:00:00",0.8,"Harelaw_"
"833","05/07/2024 09:00:00",0.4,"Harelaw_"
"834","06/07/2024 09:00:00",1.6,"Harelaw_"
"835","07/07/2024 09:00:00",0.2,"Harelaw_"
"836","08/07/2024 09:00:00",0,"Harelaw_"
"837","09/07/2024 09:00:00",12.6,"Harelaw_"
"838","10/07/2024 09:00:00",1.6,"Harelaw_"
"839","11/07/2024 09:00:00",0,"Harelaw_"
"840","12/07/2024 09:00:00",0.8,"Harelaw_"
"841","13/07/2024 09:00:00",4.8,"Harelaw_"
"842","14/07/2024 09:00:00",0,"Harelaw_"
"843","15/07/2024 09:00:00",4,"Harelaw_"
"844","16/07/2024 09:00:00",1,"Harelaw_"
"845","17/07/2024 09:00:00",1.6,"Harelaw_"
"846","18/07/2024 09:00:00",0,"Harelaw_"
"847","19/07/2024 09:00:00",0,"Harelaw_"
"848","20/07/2024 09:00:00",9.2,"Harelaw_"
"849","21/07/2024 09:00:00",0.6,"Harelaw_"
"850","22/07/2024 09:00:00",1,"Harelaw_"
"851","23/07/2024 09:00:00",0,"Harelaw_"
"852","24/07/2024 09:00:00",0,"Harelaw_"
"853","25/07/2024 09:00:00",2.2,"Harelaw_"
"854","26/07/2024 09:00:00",0.2,"Harelaw_"
"855","27/07/2024 09:00:00",1.2,"Harelaw_"
"856","28/07/2024 09:00:00",0,"Harelaw_"
"857","29/07/2024 09:00:00",0,"Harelaw_"
"858","30/07/2024 09:00:00",0,"Harelaw_"
"859","31/07/2024 09:00:00",0.2,"Harelaw_"
"860","01/08/2024 09:00:00",0,"Harelaw_"
"861","02/08/2024 09:00:00",0,"Harelaw_"
"862","03/08/2024 09:00:00",0,"Harelaw_"
"863","04/08/2024 09:00:00",5.8,"Harelaw_"
"864","05/08/2024 09:00:00",0.6,"Harelaw_"
"865","06/08/2024 09:00:00",0,"Harelaw_"
"866","07/08/2024 09:00:00",0,"Harelaw_"
"867","08/08/2024 09:00:00",6.6,"Harelaw_"
"868","09/08/2024 09:00:00",1.4,"Harelaw_"
"869","10/08/2024 09:00:00",0.2,"Harelaw_"
"870","11/08/2024 09:00:00",3.6,"Harelaw_"
"871","12/08/2024 09:00:00",0.4,"Harelaw_"
"872","13/08/2024 09:00:00",0.8,"Harelaw_"
"873","14/08/2024 09:00:00",2.6,"Harelaw_"
"874","15/08/2024 09:00:00",2.2,"Harelaw_"
"875","16/08/2024 09:00:00",0,"Harelaw_"
"876","17/08/2024 09:00:00",0,"Harelaw_"
"877","18/08/2024 09:00:00",0,"Harelaw_"
"878","19/08/2024 09:00:00",3.4,"Harelaw_"
"879","20/08/2024 09:00:00",0.2,"Harelaw_"
"880","21/08/2024 09:00:00",1.8,"Harelaw_"
"881","22/08/2024 09:00:00",14,"Harelaw_"
"882","23/08/2024 09:00:00",2.6,"Harelaw_"
"883","24/08/2024 09:00:00",0.2,"Harelaw_"
"884","25/08/2024 09:00:00",2.4,"Harelaw_"
"885","26/08/2024 09:00:00",3.6,"Harelaw_"
"886","27/08/2024 09:00:00",0.4,"Harelaw_"
"887","28/08/2024 09:00:00",3.4,"Harelaw_"
"888","29/08/2024 09:00:00",0,"Harelaw_"
"889","30/08/2024 09:00:00",0,"Harelaw_"
"890","31/08/2024 09:00:00",0,"Harelaw_"
"891","01/09/2024 09:00:00",9.6,"Harelaw_"
"892","02/09/2024 09:00:00",1.8,"Harelaw_"
"893","03/09/2024 09:00:00",0.4,"Harelaw_"
"894","04/09/2024 09:00:00",0.2,"Harelaw_"
"895","05/09/2024 09:00:00",2.2,"Harelaw_"
"896","06/09/2024 09:00:00",1.2,"Harelaw_"
"897","07/09/2024 09:00:00",0.6,"Harelaw_"
"898","08/09/2024 09:00:00",3.8,"Harelaw_"
"899","09/09/2024 09:00:00",2.4,"Harelaw_"
"900","10/09/2024 09:00:00",0,"Harelaw_"
"901","11/09/2024 09:00:00",0.4,"Harelaw_"
"902","12/09/2024 09:00:00",0,"Harelaw_"
"903","13/09/2024 09:00:00",0.2,"Harelaw_"
"904","14/09/2024 09:00:00",1.6,"Harelaw_"
"905","15/09/2024 09:00:00",0,"Harelaw_"
"906","16/09/2024 09:00:00",0,"Harelaw_"
"907","17/09/2024 09:00:00",0,"Harelaw_"
"908","18/09/2024 09:00:00",0,"Harelaw_"
"909","19/09/2024 09:00:00",0.6,"Harelaw_"
"910","20/09/2024 09:00:00",0.6,"Harelaw_"
"911","21/09/2024 09:00:00",0.2,"Harelaw_"
"912","22/09/2024 09:00:00",0,"Harelaw_"
"913","23/09/2024 09:00:00",1,"Harelaw_"
"914","24/09/2024 09:00:00",0.4,"Harelaw_"
"915","25/09/2024 09:00:00",9.2,"Harelaw_"
"916","26/09/2024 09:00:00",0.2,"Harelaw_"
"917","27/09/2024 09:00:00",0,"Harelaw_"
"918","28/09/2024 09:00:00",0,"Harelaw_"
"919","29/09/2024 09:00:00",2,"Harelaw_"
"920","30/09/2024 09:00:00",4,"Harelaw_"
"921","01/10/2024 09:00:00",0.2,"Harelaw_"
"922","02/10/2024 09:00:00",0,"Harelaw_"
"923","03/10/2024 09:00:00",0,"Harelaw_"
"924","04/10/2024 09:00:00",0.6,"Harelaw_"
"925","05/10/2024 09:00:00",0.6,"Harelaw_"
"926","06/10/2024 09:00:00",9.2,"Harelaw_"
"927","07/10/2024 09:00:00",4.2,"Harelaw_"
"928","08/10/2024 09:00:00",10.2,"Harelaw_"
"929","09/10/2024 09:00:00",0,"Harelaw_"
"930","10/10/2024 09:00:00",0,"Harelaw_"
"931","11/10/2024 09:00:00",0.4,"Harelaw_"
"932","12/10/2024 09:00:00",3.2,"Harelaw_"
"933","13/10/2024 09:00:00",0,"Harelaw_"
"934","14/10/2024 09:00:00",0,"Harelaw_"
"935","15/10/2024 09:00:00",0.8,"Harelaw_"
"936","16/10/2024 09:00:00",21,"Harelaw_"
"937","17/10/2024 09:00:00",0.4,"Harelaw_"
"938","18/10/2024 09:00:00",2,"Harelaw_"
"939","19/10/2024 09:00:00",1.4,"Harelaw_"
"940","20/10/2024 09:00:00",4.2,"Harelaw_"
"941","21/10/2024 09:00:00",1.4,"Harelaw_"
"942","22/10/2024 09:00:00",0,"Harelaw_"
"943","23/10/2024 09:00:00",0,"Harelaw_"
"944","24/10/2024 09:00:00",0,"Harelaw_"
"945","25/10/2024 09:00:00",0,"Harelaw_"
"946","26/10/2024 09:00:00",1.6,"Harelaw_"
"947","27/10/2024 09:00:00",2.6,"Harelaw_"
"948","28/10/2024 09:00:00",0,"Harelaw_"
"949","29/10/2024 09:00:00",0,"Harelaw_"
"950","30/10/2024 09:00:00",0,"Harelaw_"
"951","31/10/2024 09:00:00",0,"Harelaw_"
"952","01/11/2024 09:00:00",1.8,"Harelaw_"
"953","02/11/2024 09:00:00",0,"Harelaw_"
"954","03/11/2024 09:00:00",0,"Harelaw_"
"955","04/11/2024 09:00:00",0,"Harelaw_"
"956","05/11/2024 09:00:00",0,"Harelaw_"
"957","06/11/2024 09:00:00",0,"Harelaw_"
"958","07/11/2024 09:00:00",0,"Harelaw_"
"959","08/11/2024 09:00:00",0,"Harelaw_"
"960","09/11/2024 09:00:00",0,"Harelaw_"
"961","10/11/2024 09:00:00",0,"Harelaw_"
"962","11/11/2024 09:00:00",0,"Harelaw_"
"963","12/11/2024 09:00:00",0,"Harelaw_"
"964","13/11/2024 09:00:00",0.2,"Harelaw_"
"965","14/11/2024 09:00:00",0,"Harelaw_"
"966","15/11/2024 09:00:00",0,"Harelaw_"
"967","16/11/2024 09:00:00",0,"Harelaw_"
"968","17/11/2024 09:00:00",0,"Harelaw_"
"969","18/11/2024 09:00:00",0,"Harelaw_"
"970","19/11/2024 09:00:00",0,"Harelaw_"
"971","20/11/2024 09:00:00",0,"Harelaw_"
"972","21/11/2024 09:00:00",0,"Harelaw_"
"973","22/11/2024 09:00:00",3,"Harelaw_"
"974","23/11/2024 09:00:00",16.4,"Harelaw_"
"975","24/11/2024 09:00:00",1.2,"Harelaw_"
"976","25/11/2024 09:00:00",0.2,"Harelaw_"
"977","26/11/2024 09:00:00",0.8,"Harelaw_"
"978","27/11/2024 09:00:00",0,"Harelaw_"
"979","28/11/2024 09:00:00",1,"Harelaw_"
"980","29/11/2024 09:00:00",0.2,"Harelaw_"
"981","30/11/2024 09:00:00",0.8,"Harelaw_"
"982","01/12/2024 09:00:00",2.8,"Harelaw_"
"983","02/12/2024 09:00:00",0,"Harelaw_"
"984","03/12/2024 09:00:00",3,"Harelaw_"
"985","04/12/2024 09:00:00",2.8,"Harelaw_"
"986","05/12/2024 09:00:00",0,"Harelaw_"
"987","06/12/2024 09:00:00",18.6,"Harelaw_"
"988","07/12/2024 09:00:00",3.6,"Harelaw_"
"989","08/12/2024 09:00:00",0,"Harelaw_"
"990","09/12/2024 09:00:00",0,"Harelaw_"
"991","10/12/2024 09:00:00",0,"Harelaw_"
"992","11/12/2024 09:00:00",0,"Harelaw_"
"993","12/12/2024 09:00:00",0,"Harelaw_"
"994","13/12/2024 09:00:00",0,"Harelaw_"
"995","14/12/2024 09:00:00",0.2,"Harelaw_"
"996","15/12/2024 09:00:00",0,"Harelaw_"
"997","16/12/2024 09:00:00",0,"Harelaw_"
"998","17/12/2024 09:00:00",1,"Harelaw_"
"999","18/12/2024 09:00:00",0,"Harelaw_"
"1000","19/12/2024 09:00:00",0,"Harelaw_"
"1001","20/12/2024 09:00:00",0.8,"Harelaw_"
"1002","21/12/2024 09:00:00",3,"Harelaw_"
"1003","22/12/2024 09:00:00",0,"Harelaw_"
"1004","23/12/2024 09:00:00",0,"Harelaw_"
"1005","24/12/2024 09:00:00",0,"Harelaw_"
"1006","25/12/2024 09:00:00",0,"Harelaw_"
"1007","26/12/2024 09:00:00",0,"Harelaw_"
"1008","27/12/2024 09:00:00",0,"Harelaw_"
"1009","28/12/2024 09:00:00",0.2,"Harelaw_"
"1010","29/12/2024 09:00:00",0,"Harelaw_"
"1011","30/12/2024 09:00:00",13.2,"Harelaw_"
"1012","31/12/2024 09:00:00",8.8,"Harelaw_"
"1013","01/01/2025 09:00:00",14.8,"Harelaw_"
"1014","02/01/2025 09:00:00",0,"Harelaw_"
"1015","03/01/2025 09:00:00",0,"Harelaw_"
"1016","04/01/2025 09:00:00",0.2,"Harelaw_"
"1017","05/01/2025 09:00:00",15.6,"Harelaw_"
"1018","06/01/2025 09:00:00",0,"Harelaw_"
"1019","07/01/2025 09:00:00",0,"Harelaw_"
"1020","08/01/2025 09:00:00",0,"Harelaw_"
"1021","09/01/2025 09:00:00",0,"Harelaw_"
"1022","10/01/2025 09:00:00",0,"Harelaw_"
"1023","11/01/2025 09:00:00",0.2,"Harelaw_"
"1024","12/01/2025 09:00:00",0,"Harelaw_"
"1025","13/01/2025 09:00:00",0.6,"Harelaw_"
"1026","14/01/2025 09:00:00",0,"Harelaw_"
"1027","15/01/2025 09:00:00",0,"Harelaw_"
"1028","16/01/2025 09:00:00",0,"Harelaw_"
"1029","17/01/2025 09:00:00",0,"Harelaw_"
"1030","18/01/2025 09:00:00",0,"Harelaw_"
"1031","19/01/2025 09:00:00",0,"Harelaw_"
"1032","20/01/2025 09:00:00",0,"Harelaw_"
"1033","21/01/2025 09:00:00",0,"Harelaw_"
"1034","22/01/2025 09:00:00",0.2,"Harelaw_"
"1035","23/01/2025 09:00:00",1.6,"Harelaw_"
"1036","24/01/2025 09:00:00",6.4,"Harelaw_"
"1037","25/01/2025 09:00:00",2.8,"Harelaw_"
"1038","26/01/2025 09:00:00",4.2,"Harelaw_"
"1039","27/01/2025 09:00:00",6.8,"Harelaw_"
"1040","28/01/2025 09:00:00",0,"Harelaw_"
"1041","29/01/2025 09:00:00",0.2,"Harelaw_"
"1042","30/01/2025 09:00:00",0.2,"Harelaw_"
"1043","31/01/2025 09:00:00",0,"Harelaw_"
"1044","01/02/2025 09:00:00",3.6,"Harelaw_"
"1045","02/02/2025 09:00:00",0,"Harelaw_"
"1046","03/02/2025 09:00:00",0.8,"Harelaw_"
"1047","04/02/2025 09:00:00",3,"Harelaw_"
"1048","05/02/2025 09:00:00",0,"Harelaw_"
"1049","06/02/2025 09:00:00",0,"Harelaw_"
"1050","07/02/2025 09:00:00",0.8,"Harelaw_"
"1051","08/02/2025 09:00:00",0.6,"Harelaw_"
"1052","09/02/2025 09:00:00",1,"Harelaw_"
"1053","10/02/2025 09:00:00",3.6,"Harelaw_"
"1054","11/02/2025 09:00:00",0.4,"Harelaw_"
"1055","12/02/2025 09:00:00",0,"Harelaw_"
"1056","13/02/2025 09:00:00",0,"Harelaw_"
"1057","14/02/2025 09:00:00",0.2,"Harelaw_"
"1058","15/02/2025 09:00:00",0.2,"Harelaw_"
"1059","16/02/2025 09:00:00",0,"Harelaw_"
"1060","17/02/2025 09:00:00",0.4,"Harelaw_"
"1061","18/02/2025 09:00:00",0,"Harelaw_"
"1062","19/02/2025 09:00:00",3.8,"Harelaw_"
"1063","20/02/2025 09:00:00",2.2,"Harelaw_"
"1064","21/02/2025 09:00:00",0.8,"Harelaw_"
"1065","22/02/2025 09:00:00",0,"Harelaw_"
"1066","23/02/2025 09:00:00",0.4,"Harelaw_"
"1067","24/02/2025 09:00:00",1.6,"Harelaw_"
"1068","25/02/2025 09:00:00",1,"Harelaw_"
"1069","26/02/2025 09:00:00",1,"Harelaw_"
"1070","27/02/2025 09:00:00",0.2,"Harelaw_"
"1071","28/02/2025 09:00:00",0,"Harelaw_"
"1072","01/03/2025 09:00:00",0,"Harelaw_"
"1073","02/03/2025 09:00:00",0,"Harelaw_"
"1074","03/03/2025 09:00:00",0,"Harelaw_"
"1075","04/03/2025 09:00:00",0,"Harelaw_"
"1076","05/03/2025 09:00:00",0.2,"Harelaw_"
"1077","06/03/2025 09:00:00",0,"Harelaw_"
"1078","07/03/2025 09:00:00",0,"Harelaw_"
"1079","08/03/2025 09:00:00",0.2,"Harelaw_"
"1080","09/03/2025 09:00:00",0.2,"Harelaw_"
"1081","10/03/2025 09:00:00",0,"Harelaw_"
"1082","11/03/2025 09:00:00",0,"Harelaw_"
"1083","12/03/2025 09:00:00",0,"Harelaw_"
"1084","13/03/2025 09:00:00",0.4,"Harelaw_"
"1085","14/03/2025 09:00:00",0,"Harelaw_"
"1086","15/03/2025 09:00:00",0,"Harelaw_"
"1087","16/03/2025 09:00:00",0.6,"Harelaw_"
"1088","17/03/2025 09:00:00",0,"Harelaw_"
"1089","18/03/2025 09:00:00",0,"Harelaw_"
"1090","19/03/2025 09:00:00",0,"Harelaw_"
"1091","20/03/2025 09:00:00",0.2,"Harelaw_"
"1092","21/03/2025 09:00:00",0.8,"Harelaw_"
"1093","23/03/2024 09:00:00",0,"Murray_"
"1094","24/03/2024 09:00:00",0,"Murray_"
"1095","25/03/2024 09:00:00",16.2,"Murray_"
"1096","26/03/2024 09:00:00",12.4,"Murray_"
"1097","27/03/2024 09:00:00",14.4,"Murray_"
"1098","28/03/2024 09:00:00",13.8,"Murray_"
"1099","29/03/2024 09:00:00",0.6,"Murray_"
"1100","30/03/2024 09:00:00",0,"Murray_"
"1101","31/03/2024 09:00:00",0,"Murray_"
"1102","01/04/2024 09:00:00",21.4,"Murray_"
"1103","02/04/2024 09:00:00",6,"Murray_"
"1104","03/04/2024 09:00:00",26.6,"Murray_"
"1105","04/04/2024 09:00:00",23.8,"Murray_"
"1106","05/04/2024 09:00:00",13.2,"Murray_"
"1107","06/04/2024 09:00:00",1,"Murray_"
"1108","07/04/2024 09:00:00",0,"Murray_"
"1109","08/04/2024 09:00:00",13.8,"Murray_"
"1110","09/04/2024 09:00:00",1.4,"Murray_"
"1111","10/04/2024 09:00:00",3.2,"Murray_"
"1112","11/04/2024 09:00:00",2.4,"Murray_"
"1113","12/04/2024 09:00:00",4.4,"Murray_"
"1114","13/04/2024 09:00:00",3,"Murray_"
"1115","14/04/2024 09:00:00",3.8,"Murray_"
"1116","15/04/2024 09:00:00",0,"Murray_"
"1117","16/04/2024 09:00:00",0.4,"Murray_"
"1118","17/04/2024 09:00:00",0.2,"Murray_"
"1119","18/04/2024 09:00:00",0.2,"Murray_"
"1120","19/04/2024 09:00:00",0,"Murray_"
"1121","20/04/2024 09:00:00",0,"Murray_"
"1122","21/04/2024 09:00:00",1.4,"Murray_"
"1123","22/04/2024 09:00:00",0,"Murray_"
"1124","23/04/2024 09:00:00",0,"Murray_"
"1125","24/04/2024 09:00:00",0,"Murray_"
"1126","25/04/2024 09:00:00",0,"Murray_"
"1127","26/04/2024 09:00:00",0,"Murray_"
"1128","27/04/2024 09:00:00",0.6,"Murray_"
"1129","28/04/2024 09:00:00",0,"Murray_"
"1130","29/04/2024 09:00:00",0.2,"Murray_"
"1131","30/04/2024 09:00:00",0.2,"Murray_"
"1132","01/05/2024 09:00:00",0,"Murray_"
"1133","02/05/2024 09:00:00",0,"Murray_"
"1134","03/05/2024 09:00:00",2.8,"Murray_"
"1135","04/05/2024 09:00:00",2,"Murray_"
"1136","05/05/2024 09:00:00",8.8,"Murray_"
"1137","06/05/2024 09:00:00",5.2,"Murray_"
"1138","07/05/2024 09:00:00",0.2,"Murray_"
"1139","08/05/2024 09:00:00",0.4,"Murray_"
"1140","09/05/2024 09:00:00",0,"Murray_"
"1141","10/05/2024 09:00:00",0,"Murray_"
"1142","11/05/2024 09:00:00",0,"Murray_"
"1143","12/05/2024 09:00:00",2.4,"Murray_"
"1144","13/05/2024 09:00:00",0.4,"Murray_"
"1145","14/05/2024 09:00:00",0.6,"Murray_"
"1146","15/05/2024 09:00:00",0.2,"Murray_"
"1147","16/05/2024 09:00:00",0,"Murray_"
"1148","17/05/2024 09:00:00",0,"Murray_"
"1149","18/05/2024 09:00:00",0,"Murray_"
"1150","19/05/2024 09:00:00",0,"Murray_"
"1151","20/05/2024 09:00:00",0,"Murray_"
"1152","21/05/2024 09:00:00",1,"Murray_"
"1153","22/05/2024 09:00:00",50,"Murray_"
"1154","23/05/2024 09:00:00",60.4,"Murray_"
"1155","24/05/2024 09:00:00",7.8,"Murray_"
"1156","25/05/2024 09:00:00",11,"Murray_"
"1157","26/05/2024 09:00:00",11.6,"Murray_"
"1158","27/05/2024 09:00:00",0.8,"Murray_"
"1159","28/05/2024 09:00:00",10.8,"Murray_"
"1160","29/05/2024 09:00:00",21.2,"Murray_"
"1161","30/05/2024 09:00:00",0,"Murray_"
"1162","31/05/2024 09:00:00",0,"Murray_"
"1163","01/06/2024 09:00:00",0,"Murray_"
"1164","02/06/2024 09:00:00",0.4,"Murray_"
"1165","03/06/2024 09:00:00",0.4,"Murray_"
"1166","04/06/2024 09:00:00",0,"Murray_"
"1167","05/06/2024 09:00:00",0.4,"Murray_"
"1168","06/06/2024 09:00:00",0.4,"Murray_"
"1169","07/06/2024 09:00:00",0.2,"Murray_"
"1170","08/06/2024 09:00:00",0,"Murray_"
"1171","09/06/2024 09:00:00",0,"Murray_"
"1172","10/06/2024 09:00:00",2.2,"Murray_"
"1173","11/06/2024 09:00:00",0,"Murray_"
"1174","12/06/2024 09:00:00",0,"Murray_"
"1175","13/06/2024 09:00:00",5.4,"Murray_"
"1176","14/06/2024 09:00:00",10.8,"Murray_"
"1177","15/06/2024 09:00:00",0.6,"Murray_"
"1178","16/06/2024 09:00:00",3.4,"Murray_"
"1179","17/06/2024 09:00:00",0.4,"Murray_"
"1180","18/06/2024 09:00:00",1.4,"Murray_"
"1181","19/06/2024 09:00:00",0,"Murray_"
"1182","20/06/2024 09:00:00",0,"Murray_"
"1183","21/06/2024 09:00:00",2,"Murray_"
"1184","22/06/2024 09:00:00",0,"Murray_"
"1185","23/06/2024 09:00:00",0,"Murray_"
"1186","24/06/2024 09:00:00",0,"Murray_"
"1187","25/06/2024 09:00:00",3.2,"Murray_"
"1188","26/06/2024 09:00:00",0.2,"Murray_"
"1189","27/06/2024 09:00:00",0.4,"Murray_"
"1190","28/06/2024 09:00:00",1.8,"Murray_"
"1191","29/06/2024 09:00:00",0,"Murray_"
"1192","30/06/2024 09:00:00",0,"Murray_"
"1193","01/07/2024 09:00:00",0.9,"Murray_"
"1194","02/07/2024 09:00:00",2,"Murray_"
"1195","03/07/2024 09:00:00",0.6,"Murray_"
"1196","04/07/2024 09:00:00",2,"Murray_"
"1197","05/07/2024 09:00:00",0,"Murray_"
"1198","06/07/2024 09:00:00",3.4,"Murray_"
"1199","07/07/2024 09:00:00",0,"Murray_"
"1200","08/07/2024 09:00:00",0,"Murray_"
"1201","09/07/2024 09:00:00",16,"Murray_"
"1202","10/07/2024 09:00:00",0.6,"Murray_"
"1203","11/07/2024 09:00:00",0.2,"Murray_"
"1204","12/07/2024 09:00:00",0.4,"Murray_"
"1205","13/07/2024 09:00:00",4.8,"Murray_"
"1206","14/07/2024 09:00:00",0,"Murray_"
"1207","15/07/2024 09:00:00",5.8,"Murray_"
"1208","16/07/2024 09:00:00",0,"Murray_"
"1209","17/07/2024 09:00:00",0.6,"Murray_"
"1210","18/07/2024 09:00:00",0,"Murray_"
"1211","19/07/2024 09:00:00",0,"Murray_"
"1212","20/07/2024 09:00:00",9.8,"Murray_"
"1213","21/07/2024 09:00:00",0.6,"Murray_"
"1214","22/07/2024 09:00:00",0.8,"Murray_"
"1215","23/07/2024 09:00:00",0,"Murray_"
"1216","24/07/2024 09:00:00",0.4,"Murray_"
"1217","25/07/2024 09:00:00",11.2,"Murray_"
"1218","26/07/2024 09:00:00",0,"Murray_"
"1219","27/07/2024 09:00:00",0,"Murray_"
"1220","28/07/2024 09:00:00",0,"Murray_"
"1221","29/07/2024 09:00:00",0,"Murray_"
"1222","30/07/2024 09:00:00",0,"Murray_"
"1223","31/07/2024 09:00:00",0.4,"Murray_"
"1224","01/08/2024 09:00:00",0,"Murray_"
"1225","02/08/2024 09:00:00",0.4,"Murray_"
"1226","03/08/2024 09:00:00",0.2,"Murray_"
"1227","04/08/2024 09:00:00",5.2,"Murray_"
"1228","05/08/2024 09:00:00",2,"Murray_"
"1229","06/08/2024 09:00:00",0,"Murray_"
"1230","07/08/2024 09:00:00",0.2,"Murray_"
"1231","08/08/2024 09:00:00",7,"Murray_"
"1232","09/08/2024 09:00:00",1.4,"Murray_"
"1233","10/08/2024 09:00:00",0,"Murray_"
"1234","11/08/2024 09:00:00",2.2,"Murray_"
"1235","12/08/2024 09:00:00",0,"Murray_"
"1236","13/08/2024 09:00:00",0,"Murray_"
"1237","14/08/2024 09:00:00",4,"Murray_"
"1238","15/08/2024 09:00:00",2.8,"Murray_"
"1239","16/08/2024 09:00:00",0.2,"Murray_"
"1240","17/08/2024 09:00:00",0.2,"Murray_"
"1241","18/08/2024 09:00:00",0,"Murray_"
"1242","19/08/2024 09:00:00",2.2,"Murray_"
"1243","20/08/2024 09:00:00",0.8,"Murray_"
"1244","21/08/2024 09:00:00",3.4,"Murray_"
"1245","22/08/2024 09:00:00",15.4,"Murray_"
"1246","23/08/2024 09:00:00",2.2,"Murray_"
"1247","24/08/2024 09:00:00",0.2,"Murray_"
"1248","25/08/2024 09:00:00",4.2,"Murray_"
"1249","26/08/2024 09:00:00",4.4,"Murray_"
"1250","27/08/2024 09:00:00",1,"Murray_"
"1251","28/08/2024 09:00:00",1.4,"Murray_"
"1252","29/08/2024 09:00:00",0.4,"Murray_"
"1253","30/08/2024 09:00:00",0,"Murray_"
"1254","31/08/2024 09:00:00",0,"Murray_"
"1255","01/09/2024 09:00:00",12.6,"Murray_"
"1256","02/09/2024 09:00:00",9.4,"Murray_"
"1257","03/09/2024 09:00:00",0,"Murray_"
"1258","04/09/2024 09:00:00",0.4,"Murray_"
"1259","05/09/2024 09:00:00",2.6,"Murray_"
"1260","06/09/2024 09:00:00",1.6,"Murray_"
"1261","07/09/2024 09:00:00",0.2,"Murray_"
"1262","08/09/2024 09:00:00",4.8,"Murray_"
"1263","09/09/2024 09:00:00",5.2,"Murray_"
"1264","10/09/2024 09:00:00",0,"Murray_"
"1265","11/09/2024 09:00:00",0.4,"Murray_"
"1266","12/09/2024 09:00:00",0,"Murray_"
"1267","13/09/2024 09:00:00",0.2,"Murray_"
"1268","14/09/2024 09:00:00",0.6,"Murray_"
"1269","15/09/2024 09:00:00",0,"Murray_"
"1270","16/09/2024 09:00:00",0,"Murray_"
"1271","17/09/2024 09:00:00",0.4,"Murray_"
"1272","18/09/2024 09:00:00",0,"Murray_"
"1273","19/09/2024 09:00:00",0.2,"Murray_"
"1274","20/09/2024 09:00:00",1.2,"Murray_"
"1275","21/09/2024 09:00:00",0.2,"Murray_"
"1276","22/09/2024 09:00:00",0,"Murray_"
"1277","23/09/2024 09:00:00",1.6,"Murray_"
"1278","24/09/2024 09:00:00",0.8,"Murray_"
"1279","25/09/2024 09:00:00",18.8,"Murray_"
"1280","26/09/2024 09:00:00",0.2,"Murray_"
"1281","27/09/2024 09:00:00",0,"Murray_"
"1282","28/09/2024 09:00:00",0.4,"Murray_"
"1283","29/09/2024 09:00:00",0.2,"Murray_"
"1284","30/09/2024 09:00:00",2.2,"Murray_"
"1285","01/10/2024 09:00:00",0.2,"Murray_"
"1286","02/10/2024 09:00:00",0,"Murray_"
"1287","03/10/2024 09:00:00",0,"Murray_"
"1288","04/10/2024 09:00:00",0.4,"Murray_"
"1289","05/10/2024 09:00:00",0.2,"Murray_"
"1290","06/10/2024 09:00:00",11.8,"Murray_"
"1291","07/10/2024 09:00:00",3.8,"Murray_"
"1292","08/10/2024 09:00:00",12.8,"Murray_"
"1293","09/10/2024 09:00:00",0,"Murray_"
"1294","10/10/2024 09:00:00",0,"Murray_"
"1295","11/10/2024 09:00:00",1.6,"Murray_"
"1296","12/10/2024 09:00:00",4.8,"Murray_"
"1297","13/10/2024 09:00:00",0,"Murray_"
"1298","14/10/2024 09:00:00",0,"Murray_"
"1299","15/10/2024 09:00:00",2.4,"Murray_"
"1300","16/10/2024 09:00:00",11.4,"Murray_"
"1301","17/10/2024 09:00:00",0.6,"Murray_"
"1302","18/10/2024 09:00:00",2.2,"Murray_"
"1303","19/10/2024 09:00:00",3,"Murray_"
"1304","20/10/2024 09:00:00",6.8,"Murray_"
"1305","21/10/2024 09:00:00",3.2,"Murray_"
"1306","22/10/2024 09:00:00",0.4,"Murray_"
"1307","23/10/2024 09:00:00",0,"Murray_"
"1308","24/10/2024 09:00:00",0,"Murray_"
"1309","25/10/2024 09:00:00",0.8,"Murray_"
"1310","26/10/2024 09:00:00",2.4,"Murray_"
"1311","27/10/2024 09:00:00",2.2,"Murray_"
"1312","28/10/2024 09:00:00",0,"Murray_"
"1313","29/10/2024 09:00:00",0,"Murray_"
"1314","30/10/2024 09:00:00",0,"Murray_"
"1315","31/10/2024 09:00:00",0,"Murray_"
"1316","01/11/2024 09:00:00",2.2,"Murray_"
"1317","02/11/2024 09:00:00",0.2,"Murray_"
"1318","03/11/2024 09:00:00",0,"Murray_"
"1319","04/11/2024 09:00:00",0,"Murray_"
"1320","05/11/2024 09:00:00",0,"Murray_"
"1321","06/11/2024 09:00:00",0,"Murray_"
"1322","07/11/2024 09:00:00",0,"Murray_"
"1323","08/11/2024 09:00:00",0,"Murray_"
"1324","09/11/2024 09:00:00",0.6,"Murray_"
"1325","10/11/2024 09:00:00",0,"Murray_"
"1326","11/11/2024 09:00:00",0,"Murray_"
"1327","12/11/2024 09:00:00",0,"Murray_"
"1328","13/11/2024 09:00:00",0,"Murray_"
"1329","14/11/2024 09:00:00",0,"Murray_"
"1330","15/11/2024 09:00:00",0,"Murray_"
"1331","16/11/2024 09:00:00",0,"Murray_"
"1332","17/11/2024 09:00:00",0.2,"Murray_"
"1333","18/11/2024 09:00:00",0,"Murray_"
"1334","19/11/2024 09:00:00",0,"Murray_"
"1335","20/11/2024 09:00:00",0,"Murray_"
"1336","21/11/2024 09:00:00",0,"Murray_"
"1337","22/11/2024 09:00:00",3,"Murray_"
"1338","23/11/2024 09:00:00",17.6,"Murray_"
"1339","24/11/2024 09:00:00",0.2,"Murray_"
"1340","25/11/2024 09:00:00",0.2,"Murray_"
"1341","26/11/2024 09:00:00",2.8,"Murray_"
"1342","27/11/2024 09:00:00",0,"Murray_"
"1343","28/11/2024 09:00:00",1,"Murray_"
"1344","29/11/2024 09:00:00",0,"Murray_"
"1345","30/11/2024 09:00:00",1.2,"Murray_"
"1346","01/12/2024 09:00:00",5,"Murray_"
"1347","02/12/2024 09:00:00",0,"Murray_"
"1348","03/12/2024 09:00:00",3.4,"Murray_"
"1349","04/12/2024 09:00:00",4.6,"Murray_"
"1350","05/12/2024 09:00:00",0.4,"Murray_"
"1351","06/12/2024 09:00:00",20.2,"Murray_"
"1352","07/12/2024 09:00:00",3.8,"Murray_"
"1353","08/12/2024 09:00:00",0,"Murray_"
"1354","09/12/2024 09:00:00",0,"Murray_"
"1355","10/12/2024 09:00:00",1.1,"Murray_"
"1356","11/12/2024 09:00:00",0,"Murray_"
"1357","12/12/2024 09:00:00",0,"Murray_"
"1358","13/12/2024 09:00:00",0,"Murray_"
"1359","14/12/2024 09:00:00",0,"Murray_"
"1360","15/12/2024 09:00:00",0.2,"Murray_"
"1361","16/12/2024 09:00:00",0.2,"Murray_"
"1362","17/12/2024 09:00:00",2,"Murray_"
"1363","18/12/2024 09:00:00",0,"Murray_"
"1364","19/12/2024 09:00:00",0,"Murray_"
"1365","20/12/2024 09:00:00",1.6,"Murray_"
"1366","21/12/2024 09:00:00",3,"Murray_"
"1367","22/12/2024 09:00:00",0,"Murray_"
"1368","23/12/2024 09:00:00",0,"Murray_"
"1369","24/12/2024 09:00:00",0,"Murray_"
"1370","25/12/2024 09:00:00",0,"Murray_"
"1371","26/12/2024 09:00:00",0.2,"Murray_"
"1372","27/12/2024 09:00:00",0,"Murray_"
"1373","28/12/2024 09:00:00",0,"Murray_"
"1374","29/12/2024 09:00:00",0,"Murray_"
"1375","30/12/2024 09:00:00",21.2,"Murray_"
"1376","31/12/2024 09:00:00",10.8,"Murray_"
"1377","01/01/2025 09:00:00",16,"Murray_"
"1378","02/01/2025 09:00:00",0.2,"Murray_"
"1379","03/01/2025 09:00:00",0,"Murray_"
"1380","04/01/2025 09:00:00",0.4,"Murray_"
"1381","05/01/2025 09:00:00",0.2,"Murray_"
"1382","06/01/2025 09:00:00",0.2,"Murray_"
"1383","07/01/2025 09:00:00",0,"Murray_"
"1384","08/01/2025 09:00:00",0,"Murray_"
"1385","09/01/2025 09:00:00",0,"Murray_"
"1386","10/01/2025 09:00:00",0,"Murray_"
"1387","11/01/2025 09:00:00",0,"Murray_"
"1388","12/01/2025 09:00:00",0.2,"Murray_"
"1389","13/01/2025 09:00:00",0.6,"Murray_"
"1390","14/01/2025 09:00:00",0,"Murray_"
"1391","15/01/2025 09:00:00",0,"Murray_"
"1392","16/01/2025 09:00:00",0,"Murray_"
"1393","17/01/2025 09:00:00",0,"Murray_"
"1394","18/01/2025 09:00:00",0,"Murray_"
"1395","19/01/2025 09:00:00",0,"Murray_"
"1396","20/01/2025 09:00:00",0,"Murray_"
"1397","21/01/2025 09:00:00",0,"Murray_"
"1398","22/01/2025 09:00:00",0,"Murray_"
"1399","23/01/2025 09:00:00",3.4,"Murray_"
"1400","24/01/2025 09:00:00",6,"Murray_"
"1401","25/01/2025 09:00:00",5.2,"Murray_"
"1402","26/01/2025 09:00:00",3,"Murray_"
"1403","27/01/2025 09:00:00",5.4,"Murray_"
"1404","28/01/2025 09:00:00",0,"Murray_"
"1405","29/01/2025 09:00:00",0,"Murray_"
"1406","30/01/2025 09:00:00",0,"Murray_"
"1407","31/01/2025 09:00:00",0,"Murray_"
"1408","01/02/2025 09:00:00",2.6,"Murray_"
"1409","02/02/2025 09:00:00",0,"Murray_"
"1410","03/02/2025 09:00:00",2.4,"Murray_"
"1411","04/02/2025 09:00:00",5.2,"Murray_"
"1412","05/02/2025 09:00:00",0.4,"Murray_"
"1413","06/02/2025 09:00:00",0,"Murray_"
"1414","07/02/2025 09:00:00",0.4,"Murray_"
"1415","08/02/2025 09:00:00",1.6,"Murray_"
"1416","09/02/2025 09:00:00",1.4,"Murray_"
"1417","10/02/2025 09:00:00",4.8,"Murray_"
"1418","11/02/2025 09:00:00",0.6,"Murray_"
"1419","12/02/2025 09:00:00",0,"Murray_"
"1420","13/02/2025 09:00:00",0,"Murray_"
"1421","14/02/2025 09:00:00",0.6,"Murray_"
"1422","15/02/2025 09:00:00",0.6,"Murray_"
"1423","16/02/2025 09:00:00",0,"Murray_"
"1424","17/02/2025 09:00:00",0.2,"Murray_"
"1425","18/02/2025 09:00:00",0,"Murray_"
"1426","19/02/2025 09:00:00",2.6,"Murray_"
"1427","20/02/2025 09:00:00",4.4,"Murray_"
"1428","21/02/2025 09:00:00",2.8,"Murray_"
"1429","22/02/2025 09:00:00",1,"Murray_"
"1430","23/02/2025 09:00:00",2.2,"Murray_"
"1431","24/02/2025 09:00:00",4,"Murray_"
"1432","25/02/2025 09:00:00",0.6,"Murray_"
"1433","26/02/2025 09:00:00",0.2,"Murray_"
"1434","27/02/2025 09:00:00",0,"Murray_"
"1435","28/02/2025 09:00:00",0.2,"Murray_"
"1436","01/03/2025 09:00:00",0,"Murray_"
"1437","02/03/2025 09:00:00",0,"Murray_"
"1438","03/03/2025 09:00:00",0,"Murray_"
"1439","04/03/2025 09:00:00",0.4,"Murray_"
"1440","05/03/2025 09:00:00",0.2,"Murray_"
"1441","06/03/2025 09:00:00",0,"Murray_"
"1442","07/03/2025 09:00:00",0,"Murray_"
"1443","08/03/2025 09:00:00",0,"Murray_"
"1444","09/03/2025 09:00:00",0,"Murray_"
"1445","10/03/2025 09:00:00",0.2,"Murray_"
"1446","11/03/2025 09:00:00",0,"Murray_"
"1447","12/03/2025 09:00:00",0,"Murray_"
"1448","13/03/2025 09:00:00",0.4,"Murray_"
"1449","14/03/2025 09:00:00",0,"Murray_"
"1450","15/03/2025 09:00:00",0,"Murray_"
"1451","16/03/2025 09:00:00",0,"Murray_"
"1452","17/03/2025 09:00:00",0,"Murray_"
"1453","18/03/2025 09:00:00",0,"Murray_"
"1454","19/03/2025 09:00:00",0,"Murray_"
"1455","20/03/2025 09:00:00",0,"Murray_"
"1456","21/03/2025 09:00:00",0.4,"Murray_"
"1457","23/03/2024 09:00:00",0.2,"RBGE_"
"1458","24/03/2024 09:00:00",0,"RBGE_"
"1459","25/03/2024 09:00:00",8.8,"RBGE_"
"1460","26/03/2024 09:00:00",7.6,"RBGE_"
"1461","27/03/2024 09:00:00",7.8,"RBGE_"
"1462","28/03/2024 09:00:00",12,"RBGE_"
"1463","29/03/2024 09:00:00",0.8,"RBGE_"
"1464","30/03/2024 09:00:00",0.2,"RBGE_"
"1465","31/03/2024 09:00:00",0,"RBGE_"
"1466","01/04/2024 09:00:00",8,"RBGE_"
"1467","02/04/2024 09:00:00",3.2,"RBGE_"
"1468","03/04/2024 09:00:00",12.2,"RBGE_"
"1469","04/04/2024 09:00:00",18,"RBGE_"
"1470","05/04/2024 09:00:00",7.6,"RBGE_"
"1471","06/04/2024 09:00:00",0.2,"RBGE_"
"1472","07/04/2024 09:00:00",0,"RBGE_"
"1473","08/04/2024 09:00:00",14.8,"RBGE_"
"1474","09/04/2024 09:00:00",3.8,"RBGE_"
"1475","10/04/2024 09:00:00",1.8,"RBGE_"
"1476","11/04/2024 09:00:00",2.4,"RBGE_"
"1477","12/04/2024 09:00:00",2,"RBGE_"
"1478","13/04/2024 09:00:00",2.2,"RBGE_"
"1479","14/04/2024 09:00:00",3.4,"RBGE_"
"1480","15/04/2024 09:00:00",0,"RBGE_"
"1481","16/04/2024 09:00:00",0,"RBGE_"
"1482","17/04/2024 09:00:00",0,"RBGE_"
"1483","18/04/2024 09:00:00",2.2,"RBGE_"
"1484","19/04/2024 09:00:00",0,"RBGE_"
"1485","20/04/2024 09:00:00",0,"RBGE_"
"1486","21/04/2024 09:00:00",0.4,"RBGE_"
"1487","22/04/2024 09:00:00",0,"RBGE_"
"1488","23/04/2024 09:00:00",0,"RBGE_"
"1489","24/04/2024 09:00:00",0,"RBGE_"
"1490","25/04/2024 09:00:00",0,"RBGE_"
"1491","26/04/2024 09:00:00",0,"RBGE_"
"1492","27/04/2024 09:00:00",0.6,"RBGE_"
"1493","28/04/2024 09:00:00",0,"RBGE_"
"1494","29/04/2024 09:00:00",0,"RBGE_"
"1495","30/04/2024 09:00:00",0,"RBGE_"
"1496","01/05/2024 09:00:00",0,"RBGE_"
"1497","02/05/2024 09:00:00",0,"RBGE_"
"1498","03/05/2024 09:00:00",0.8,"RBGE_"
"1499","04/05/2024 09:00:00",1.2,"RBGE_"
"1500","05/05/2024 09:00:00",8,"RBGE_"
"1501","06/05/2024 09:00:00",1.2,"RBGE_"
"1502","07/05/2024 09:00:00",0,"RBGE_"
"1503","08/05/2024 09:00:00",0.4,"RBGE_"
"1504","09/05/2024 09:00:00",0,"RBGE_"
"1505","10/05/2024 09:00:00",0,"RBGE_"
"1506","11/05/2024 09:00:00",0,"RBGE_"
"1507","12/05/2024 09:00:00",2.2,"RBGE_"
"1508","13/05/2024 09:00:00",0,"RBGE_"
"1509","14/05/2024 09:00:00",0.6,"RBGE_"
"1510","15/05/2024 09:00:00",0,"RBGE_"
"1511","16/05/2024 09:00:00",0,"RBGE_"
"1512","17/05/2024 09:00:00",0,"RBGE_"
"1513","18/05/2024 09:00:00",0,"RBGE_"
"1514","19/05/2024 09:00:00",0,"RBGE_"
"1515","20/05/2024 09:00:00",0,"RBGE_"
"1516","21/05/2024 09:00:00",0.2,"RBGE_"
"1517","22/05/2024 09:00:00",22.6,"RBGE_"
"1518","23/05/2024 09:00:00",52.6,"RBGE_"
"1519","24/05/2024 09:00:00",3.4,"RBGE_"
"1520","25/05/2024 09:00:00",6.8,"RBGE_"
"1521","26/05/2024 09:00:00",9.8,"RBGE_"
"1522","27/05/2024 09:00:00",9.6,"RBGE_"
"1523","28/05/2024 09:00:00",8.4,"RBGE_"
"1524","29/05/2024 09:00:00",25.2,"RBGE_"
"1525","30/05/2024 09:00:00",0,"RBGE_"
"1526","31/05/2024 09:00:00",0,"RBGE_"
"1527","01/06/2024 09:00:00",0,"RBGE_"
"1528","02/06/2024 09:00:00",0.2,"RBGE_"
"1529","03/06/2024 09:00:00",0.4,"RBGE_"
"1530","04/06/2024 09:00:00",0,"RBGE_"
"1531","05/06/2024 09:00:00",2.8,"RBGE_"
"1532","06/06/2024 09:00:00",0.4,"RBGE_"
"1533","07/06/2024 09:00:00",0,"RBGE_"
"1534","08/06/2024 09:00:00",0,"RBGE_"
"1535","09/06/2024 09:00:00",0.2,"RBGE_"
"1536","10/06/2024 09:00:00",0.2,"RBGE_"
"1537","11/06/2024 09:00:00",0,"RBGE_"
"1538","12/06/2024 09:00:00",0,"RBGE_"
"1539","13/06/2024 09:00:00",11.2,"RBGE_"
"1540","14/06/2024 09:00:00",16.8,"RBGE_"
"1541","15/06/2024 09:00:00",0,"RBGE_"
"1542","16/06/2024 09:00:00",1.8,"RBGE_"
"1543","17/06/2024 09:00:00",11,"RBGE_"
"1544","18/06/2024 09:00:00",1.4,"RBGE_"
"1545","19/06/2024 09:00:00",0,"RBGE_"
"1546","20/06/2024 09:00:00",0,"RBGE_"
"1547","21/06/2024 09:00:00",0.6,"RBGE_"
"1548","22/06/2024 09:00:00",0,"RBGE_"
"1549","23/06/2024 09:00:00",0,"RBGE_"
"1550","24/06/2024 09:00:00",0,"RBGE_"
"1551","25/06/2024 09:00:00",5,"RBGE_"
"1552","26/06/2024 09:00:00",0,"RBGE_"
"1553","27/06/2024 09:00:00",0,"RBGE_"
"1554","28/06/2024 09:00:00",0.6,"RBGE_"
"1555","29/06/2024 09:00:00",0,"RBGE_"
"1556","30/06/2024 09:00:00",0.2,"RBGE_"
"1557","01/07/2024 09:00:00",0.8,"RBGE_"
"1558","02/07/2024 09:00:00",1.6,"RBGE_"
"1559","03/07/2024 09:00:00",2.2,"RBGE_"
"1560","04/07/2024 09:00:00",1,"RBGE_"
"1561","05/07/2024 09:00:00",0,"RBGE_"
"1562","06/07/2024 09:00:00",5,"RBGE_"
"1563","07/07/2024 09:00:00",0.2,"RBGE_"
"1564","08/07/2024 09:00:00",0,"RBGE_"
"1565","09/07/2024 09:00:00",9.2,"RBGE_"
"1566","10/07/2024 09:00:00",0,"RBGE_"
"1567","11/07/2024 09:00:00",0,"RBGE_"
"1568","12/07/2024 09:00:00",0.4,"RBGE_"
"1569","13/07/2024 09:00:00",3.4,"RBGE_"
"1570","14/07/2024 09:00:00",0,"RBGE_"
"1571","15/07/2024 09:00:00",1.4,"RBGE_"
"1572","16/07/2024 09:00:00",0.2,"RBGE_"
"1573","17/07/2024 09:00:00",1.4,"RBGE_"
"1574","18/07/2024 09:00:00",0,"RBGE_"
"1575","19/07/2024 09:00:00",0,"RBGE_"
"1576","20/07/2024 09:00:00",9,"RBGE_"
"1577","21/07/2024 09:00:00",0.6,"RBGE_"
"1578","22/07/2024 09:00:00",0.2,"RBGE_"
"1579","23/07/2024 09:00:00",0,"RBGE_"
"1580","24/07/2024 09:00:00",0,"RBGE_"
"1581","25/07/2024 09:00:00",7.6,"RBGE_"
"1582","26/07/2024 09:00:00",0,"RBGE_"
"1583","27/07/2024 09:00:00",2.8,"RBGE_"
"1584","28/07/2024 09:00:00",0,"RBGE_"
"1585","29/07/2024 09:00:00",0,"RBGE_"
"1586","30/07/2024 09:00:00",0,"RBGE_"
"1587","31/07/2024 09:00:00",0.2,"RBGE_"
"1588","01/08/2024 09:00:00",0.2,"RBGE_"
"1589","02/08/2024 09:00:00",0,"RBGE_"
"1590","03/08/2024 09:00:00",0,"RBGE_"
"1591","04/08/2024 09:00:00",7.2,"RBGE_"
"1592","05/08/2024 09:00:00",0.8,"RBGE_"
"1593","06/08/2024 09:00:00",0,"RBGE_"
"1594","07/08/2024 09:00:00",0.2,"RBGE_"
"1595","08/08/2024 09:00:00",5.6,"RBGE_"
"1596","09/08/2024 09:00:00",0.4,"RBGE_"
"1597","10/08/2024 09:00:00",0,"RBGE_"
"1598","11/08/2024 09:00:00",1,"RBGE_"
"1599","12/08/2024 09:00:00",0,"RBGE_"
"1600","13/08/2024 09:00:00",0.6,"RBGE_"
"1601","14/08/2024 09:00:00",3.2,"RBGE_"
"1602","15/08/2024 09:00:00",4,"RBGE_"
"1603","16/08/2024 09:00:00",0.6,"RBGE_"
"1604","17/08/2024 09:00:00",0.2,"RBGE_"
"1605","18/08/2024 09:00:00",0,"RBGE_"
"1606","19/08/2024 09:00:00",3,"RBGE_"
"1607","20/08/2024 09:00:00",0.4,"RBGE_"
"1608","21/08/2024 09:00:00",2,"RBGE_"
"1609","22/08/2024 09:00:00",15.4,"RBGE_"
"1610","23/08/2024 09:00:00",1.6,"RBGE_"
"1611","24/08/2024 09:00:00",0,"RBGE_"
"1612","25/08/2024 09:00:00",1.2,"RBGE_"
"1613","26/08/2024 09:00:00",2,"RBGE_"
"1614","27/08/2024 09:00:00",1.4,"RBGE_"
"1615","28/08/2024 09:00:00",1.4,"RBGE_"
"1616","29/08/2024 09:00:00",0.2,"RBGE_"
"1617","30/08/2024 09:00:00",0,"RBGE_"
"1618","31/08/2024 09:00:00",0,"RBGE_"
"1619","01/09/2024 09:00:00",6,"RBGE_"
"1620","02/09/2024 09:00:00",2.6,"RBGE_"
"1621","03/09/2024 09:00:00",0.8,"RBGE_"
"1622","04/09/2024 09:00:00",0,"RBGE_"
"1623","05/09/2024 09:00:00",0.6,"RBGE_"
"1624","06/09/2024 09:00:00",1.4,"RBGE_"
"1625","07/09/2024 09:00:00",0.2,"RBGE_"
"1626","08/09/2024 09:00:00",4.6,"RBGE_"
"1627","09/09/2024 09:00:00",2.8,"RBGE_"
"1628","10/09/2024 09:00:00",0,"RBGE_"
"1629","11/09/2024 09:00:00",0.8,"RBGE_"
"1630","12/09/2024 09:00:00",0,"RBGE_"
"1631","13/09/2024 09:00:00",0.4,"RBGE_"
"1632","14/09/2024 09:00:00",0.8,"RBGE_"
"1633","15/09/2024 09:00:00",0,"RBGE_"
"1634","16/09/2024 09:00:00",0,"RBGE_"
"1635","17/09/2024 09:00:00",0,"RBGE_"
"1636","18/09/2024 09:00:00",0,"RBGE_"
"1637","19/09/2024 09:00:00",0.6,"RBGE_"
"1638","20/09/2024 09:00:00",0.6,"RBGE_"
"1639","21/09/2024 09:00:00",0,"RBGE_"
"1640","22/09/2024 09:00:00",0,"RBGE_"
"1641","23/09/2024 09:00:00",1.4,"RBGE_"
"1642","24/09/2024 09:00:00",0.6,"RBGE_"
"1643","25/09/2024 09:00:00",16,"RBGE_"
"1644","26/09/2024 09:00:00",0,"RBGE_"
"1645","27/09/2024 09:00:00",0,"RBGE_"
"1646","28/09/2024 09:00:00",0,"RBGE_"
"1647","29/09/2024 09:00:00",1.2,"RBGE_"
"1648","30/09/2024 09:00:00",3.2,"RBGE_"
"1649","01/10/2024 09:00:00",0,"RBGE_"
"1650","02/10/2024 09:00:00",0,"RBGE_"
"1651","03/10/2024 09:00:00",0,"RBGE_"
"1652","04/10/2024 09:00:00",0.2,"RBGE_"
"1653","05/10/2024 09:00:00",0.2,"RBGE_"
"1654","06/10/2024 09:00:00",8.2,"RBGE_"
"1655","07/10/2024 09:00:00",0.6,"RBGE_"
"1656","08/10/2024 09:00:00",4,"RBGE_"
"1657","09/10/2024 09:00:00",0,"RBGE_"
"1658","10/10/2024 09:00:00",0,"RBGE_"
"1659","11/10/2024 09:00:00",1,"RBGE_"
"1660","12/10/2024 09:00:00",8,"RBGE_"
"1661","13/10/2024 09:00:00",0,"RBGE_"
"1662","14/10/2024 09:00:00",0,"RBGE_"
"1663","15/10/2024 09:00:00",2,"RBGE_"
"1664","16/10/2024 09:00:00",13.4,"RBGE_"
"1665","17/10/2024 09:00:00",1.2,"RBGE_"
"1666","18/10/2024 09:00:00",1.6,"RBGE_"
"1667","19/10/2024 09:00:00",2,"RBGE_"
"1668","20/10/2024 09:00:00",4.8,"RBGE_"
"1669","21/10/2024 09:00:00",0.2,"RBGE_"
"1670","22/10/2024 09:00:00",0,"RBGE_"
"1671","23/10/2024 09:00:00",0,"RBGE_"
"1672","24/10/2024 09:00:00",0,"RBGE_"
"1673","25/10/2024 09:00:00",0.6,"RBGE_"
"1674","26/10/2024 09:00:00",2.6,"RBGE_"
"1675","27/10/2024 09:00:00",3.6,"RBGE_"
"1676","28/10/2024 09:00:00",0,"RBGE_"
"1677","29/10/2024 09:00:00",0,"RBGE_"
"1678","30/10/2024 09:00:00",0,"RBGE_"
"1679","31/10/2024 09:00:00",0.2,"RBGE_"
"1680","01/11/2024 09:00:00",2.6,"RBGE_"
"1681","02/11/2024 09:00:00",0,"RBGE_"
"1682","03/11/2024 09:00:00",0,"RBGE_"
"1683","04/11/2024 09:00:00",0,"RBGE_"
"1684","05/11/2024 09:00:00",0,"RBGE_"
"1685","06/11/2024 09:00:00",0,"RBGE_"
"1686","07/11/2024 09:00:00",0,"RBGE_"
"1687","08/11/2024 09:00:00",0,"RBGE_"
"1688","09/11/2024 09:00:00",0,"RBGE_"
"1689","10/11/2024 09:00:00",0.2,"RBGE_"
"1690","11/11/2024 09:00:00",0,"RBGE_"
"1691","12/11/2024 09:00:00",0.2,"RBGE_"
"1692","13/11/2024 09:00:00",0,"RBGE_"
"1693","14/11/2024 09:00:00",0.2,"RBGE_"
"1694","15/11/2024 09:00:00",0,"RBGE_"
"1695","16/11/2024 09:00:00",0,"RBGE_"
"1696","17/11/2024 09:00:00",0,"RBGE_"
"1697","18/11/2024 09:00:00",0,"RBGE_"
"1698","19/11/2024 09:00:00",0,"RBGE_"
"1699","20/11/2024 09:00:00",0,"RBGE_"
"1700","21/11/2024 09:00:00",0,"RBGE_"
"1701","22/11/2024 09:00:00",2.4,"RBGE_"
"1702","23/11/2024 09:00:00",14.2,"RBGE_"
"1703","24/11/2024 09:00:00",0,"RBGE_"
"1704","25/11/2024 09:00:00",0,"RBGE_"
"1705","26/11/2024 09:00:00",2.6,"RBGE_"
"1706","27/11/2024 09:00:00",0,"RBGE_"
"1707","28/11/2024 09:00:00",0.8,"RBGE_"
"1708","29/11/2024 09:00:00",0,"RBGE_"
"1709","30/11/2024 09:00:00",0.6,"RBGE_"
"1710","01/12/2024 09:00:00",3.6,"RBGE_"
"1711","02/12/2024 09:00:00",0,"RBGE_"
"1712","03/12/2024 09:00:00",2.2,"RBGE_"
"1713","04/12/2024 09:00:00",3.4,"RBGE_"
"1714","05/12/2024 09:00:00",0.4,"RBGE_"
"1715","06/12/2024 09:00:00",16.4,"RBGE_"
"1716","07/12/2024 09:00:00",2.4,"RBGE_"
"1717","08/12/2024 09:00:00",0,"RBGE_"
"1718","09/12/2024 09:00:00",0,"RBGE_"
"1719","10/12/2024 09:00:00",0,"RBGE_"
"1720","11/12/2024 09:00:00",0,"RBGE_"
"1721","12/12/2024 09:00:00",0,"RBGE_"
"1722","13/12/2024 09:00:00",0,"RBGE_"
"1723","14/12/2024 09:00:00",0.2,"RBGE_"
"1724","15/12/2024 09:00:00",0.2,"RBGE_"
"1725","16/12/2024 09:00:00",0.6,"RBGE_"
"1726","17/12/2024 09:00:00",0.8,"RBGE_"
"1727","18/12/2024 09:00:00",0,"RBGE_"
"1728","19/12/2024 09:00:00",0,"RBGE_"
"1729","20/12/2024 09:00:00",0.2,"RBGE_"
"1730","21/12/2024 09:00:00",4,"RBGE_"
"1731","22/12/2024 09:00:00",0,"RBGE_"
"1732","23/12/2024 09:00:00",0.2,"RBGE_"
"1733","24/12/2024 09:00:00",0,"RBGE_"
"1734","25/12/2024 09:00:00",0,"RBGE_"
"1735","26/12/2024 09:00:00",0.2,"RBGE_"
"1736","27/12/2024 09:00:00",0,"RBGE_"
"1737","28/12/2024 09:00:00",0.6,"RBGE_"
"1738","29/12/2024 09:00:00",0,"RBGE_"
"1739","30/12/2024 09:00:00",14.6,"RBGE_"
"1740","31/12/2024 09:00:00",10.4,"RBGE_"
"1741","01/01/2025 09:00:00",10.8,"RBGE_"
"1742","02/01/2025 09:00:00",0,"RBGE_"
"1743","03/01/2025 09:00:00",0,"RBGE_"
"1744","04/01/2025 09:00:00",0.4,"RBGE_"
"1745","05/01/2025 09:00:00",15.2,"RBGE_"
"1746","06/01/2025 09:00:00",0,"RBGE_"
"1747","07/01/2025 09:00:00",0,"RBGE_"
"1748","08/01/2025 09:00:00",0,"RBGE_"
"1749","09/01/2025 09:00:00",0,"RBGE_"
"1750","10/01/2025 09:00:00",0,"RBGE_"
"1751","11/01/2025 09:00:00",0.2,"RBGE_"
"1752","12/01/2025 09:00:00",0.2,"RBGE_"
"1753","13/01/2025 09:00:00",0,"RBGE_"
"1754","14/01/2025 09:00:00",0,"RBGE_"
"1755","15/01/2025 09:00:00",0,"RBGE_"
"1756","16/01/2025 09:00:00",0,"RBGE_"
"1757","17/01/2025 09:00:00",0,"RBGE_"
"1758","18/01/2025 09:00:00",0,"RBGE_"
"1759","19/01/2025 09:00:00",0,"RBGE_"
"1760","20/01/2025 09:00:00",0,"RBGE_"
"1761","21/01/2025 09:00:00",0,"RBGE_"
"1762","22/01/2025 09:00:00",0.2,"RBGE_"
"1763","23/01/2025 09:00:00",2.2,"RBGE_"
"1764","24/01/2025 09:00:00",7.2,"RBGE_"
"1765","25/01/2025 09:00:00",3.8,"RBGE_"
"1766","26/01/2025 09:00:00",2.8,"RBGE_"
"1767","27/01/2025 09:00:00",4,"RBGE_"
"1768","28/01/2025 09:00:00",0,"RBGE_"
"1769","29/01/2025 09:00:00",0.2,"RBGE_"
"1770","30/01/2025 09:00:00",0,"RBGE_"
"1771","31/01/2025 09:00:00",0,"RBGE_"
"1772","01/02/2025 09:00:00",4,"RBGE_"
"1773","02/02/2025 09:00:00",0,"RBGE_"
"1774","03/02/2025 09:00:00",0.8,"RBGE_"
"1775","04/02/2025 09:00:00",6.2,"RBGE_"
"1776","05/02/2025 09:00:00",0.4,"RBGE_"
"1777","06/02/2025 09:00:00",0.2,"RBGE_"
"1778","07/02/2025 09:00:00",0.2,"RBGE_"
"1779","08/02/2025 09:00:00",0,"RBGE_"
"1780","09/02/2025 09:00:00",1.8,"RBGE_"
"1781","10/02/2025 09:00:00",2.4,"RBGE_"
"1782","11/02/2025 09:00:00",0.6,"RBGE_"
"1783","12/02/2025 09:00:00",0,"RBGE_"
"1784","13/02/2025 09:00:00",0.2,"RBGE_"
"1785","14/02/2025 09:00:00",0.2,"RBGE_"
"1786","15/02/2025 09:00:00",0.4,"RBGE_"
"1787","16/02/2025 09:00:00",0,"RBGE_"
"1788","17/02/2025 09:00:00",0.2,"RBGE_"
"1789","18/02/2025 09:00:00",0,"RBGE_"
"1790","19/02/2025 09:00:00",2,"RBGE_"
"1791","20/02/2025 09:00:00",2.4,"RBGE_"
"1792","21/02/2025 09:00:00",1.6,"RBGE_"
"1793","22/02/2025 09:00:00",0.6,"RBGE_"
"1794","23/02/2025 09:00:00",0.6,"RBGE_"
"1795","24/02/2025 09:00:00",4.2,"RBGE_"
"1796","25/02/2025 09:00:00",0.6,"RBGE_"
"1797","26/02/2025 09:00:00",0.6,"RBGE_"
"1798","27/02/2025 09:00:00",0,"RBGE_"
"1799","28/02/2025 09:00:00",0,"RBGE_"
"1800","01/03/2025 09:00:00",0.2,"RBGE_"
"1801","02/03/2025 09:00:00",0,"RBGE_"
"1802","03/03/2025 09:00:00",0,"RBGE_"
"1803","04/03/2025 09:00:00",0.2,"RBGE_"
"1804","05/03/2025 09:00:00",0,"RBGE_"
"1805","06/03/2025 09:00:00",0,"RBGE_"
"1806","07/03/2025 09:00:00",0,"RBGE_"
"1807","08/03/2025 09:00:00",0,"RBGE_"
"1808","09/03/2025 09:00:00",0,"RBGE_"
"1809","10/03/2025 09:00:00",0,"RBGE_"
"1810","11/03/2025 09:00:00",0.2,"RBGE_"
"1811","12/03/2025 09:00:00",0,"RBGE_"
"1812","13/03/2025 09:00:00",0.4,"RBGE_"
"1813","14/03/2025 09:00:00",0,"RBGE_"
"1814","15/03/2025 09:00:00",0,"RBGE_"
"1815","16/03/2025 09:00:00",0.4,"RBGE_"
"1816","17/03/2025 09:00:00",0,"RBGE_"
"1817","18/03/2025 09:00:00",0,"RBGE_"
"1818","19/03/2025 09:00:00",0,"RBGE_"
"1819","20/03/2025 09:00:00",0,"RBGE_"
"1820","21/03/2025 09:00:00",0.6,"RBGE_"
